Stock,minute_of_day,spread_bps,depth_gbp,volume
EXPN.L,495,10.618332170296664,9570.3509375,2751.5474295559375
EXPN.L,496,10.373112423357162,10557.06,3158.7230151334375
EXPN.L,497,9.734202316339594,11235.8053125,3440.679042462656
EXPN.L,498,9.765821229510482,9462.8321875,3312.656835525469
EXPN.L,499,10.249504675495828,9113.1328125,3632.4625811251562
EXPN.L,500,10.2803448222393,10360.06140625,2178.60094487625
EXPN.L,501,9.631365992333842,10028.789375,2949.2019067265624
EXPN.L,502,9.371695019589891,13142.61890625,2250.1409270825
EXPN.L,503,8.985252695329356,8672.152265625,3722.7566064021876
EXPN.L,504,8.688331315356498,9822.092265625,2452.212082900625
EXPN.L,505,9.27994656003074,9275.96765625,3030.0886581078125
EXPN.L,506,9.261269745759714,9077.878515625,2776.58733297375
EXPN.L,507,8.740490333825619,11576.26890625,4134.156478332812
EXPN.L,508,8.42195640664893,9823.92765625,2427.452183265625
EXPN.L,509,8.158935195349072,10593.044140625,3037.7677514232814
EXPN.L,510,8.505371651923133,10161.1790625,3253.8716933015626
EXPN.L,511,8.39656227124563,10880.147734375,2930.9384978840626
EXPN.L,512,8.377474275451556,12116.170859375,2257.489976398281
EXPN.L,513,8.3811571255268,10782.738203125,3458.4202779957814
EXPN.L,514,7.976418423987598,12942.146484375,2830.5275432135936
EXPN.L,515,8.098955936212494,11999.15671875,2222.638285771406
EXPN.L,516,8.376645406408013,11489.441640625,2831.9310270542187
EXPN.L,517,7.815644129477637,11338.738359375,3398.0413378473436
EXPN.L,518,8.317985237221553,12388.101796875,1725.5873345953125
EXPN.L,519,7.935830977681687,11779.870078125,2982.6139821790625
EXPN.L,520,7.847163256751002,11827.5109375,1649.6965870651563
EXPN.L,521,7.750862941396256,10677.4646875,2386.014723396406
EXPN.L,522,7.470477963767777,11456.754296875,2559.631231642656
EXPN.L,523,7.948958862451042,12022.674453125,2528.4455616
EXPN.L,524,7.546342883312963,12346.828203125,2179.749443188594
EXPN.L,525,7.779093940062274,13519.983359375,3317.6454614834374
EXPN.L,526,7.704410088163057,12040.44703125,2180.3176659546875
EXPN.L,527,7.280605739840896,13002.017265625,2789.388453831875
EXPN.L,528,7.264760974593321,12869.19484375,2146.210071462344
EXPN.L,529,7.35053021406726,13227.705078125,3758.057210728125
EXPN.L,530,7.7132707652918855,13059.90234375,3277.4396985734375
EXPN.L,531,7.486406893772251,13387.560078125,3951.6966160367188
EXPN.L,532,7.567745644663065,13874.059296875,3347.2296758221873
EXPN.L,533,7.202732752918681,11766.9346875,2330.2039295171876
EXPN.L,534,7.385107543318513,13400.60671875,3184.729351393594
EXPN.L,535,7.4091598580230995,12476.015859375,3323.66745278625
EXPN.L,536,7.21063683079131,13035.88640625,1775.6452066225
EXPN.L,537,7.619548260921618,13618.0725,3978.422124663125
EXPN.L,538,7.354726607336264,12188.456640625,3302.6937544578127
EXPN.L,539,7.481289983771488,14951.79234375,2772.84243462625
EXPN.L,540,7.91628451855982,13762.06953125,3424.736591903125
EXPN.L,541,7.352998804969539,12047.6365625,5954.441486358125
EXPN.L,542,7.724177117988282,14341.56640625,2256.9909697576563
EXPN.L,543,7.5355359761822545,13428.09859375,1968.714500158125
EXPN.L,544,7.366349931090738,13354.17890625,2016.2166702796876
EXPN.L,545,7.41288902734733,13695.85859375,1967.0953276226562
EXPN.L,546,7.066906323360701,14016.069375,2530.983059568594
EXPN.L,547,7.171333456732247,14073.5221875,2052.91793982125
EXPN.L,548,7.068288133388249,13242.714453125,1775.888882234375
EXPN.L,549,7.042174271767531,14997.14984375,2515.406808215156
EXPN.L,550,7.005667721403612,12775.936796875,1627.5090881082813
EXPN.L,551,7.416988518201057,14484.5528125,3192.4545063542187
EXPN.L,552,7.143219736906665,14590.858984375,2196.3664375964063
EXPN.L,553,7.0679518514227535,13659.68734375,1544.9505187507812
EXPN.L,554,6.9520976935870324,13362.371015625,2674.17503320875
EXPN.L,555,7.297322186625656,13734.051171875,5577.861034890156
EXPN.L,556,7.5005603479578244,15672.845546875,2058.9251062796875
EXPN.L,557,6.780046676505029,21459.67859375,3398.6454160873436
EXPN.L,558,7.117911279281102,14216.842812500001,1966.5692834320312
EXPN.L,559,7.190934194609396,15477.992265625,2319.816339224375
EXPN.L,560,7.042180075970365,14172.772265625,1743.4340418845313
EXPN.L,561,6.8812640560854135,13418.987890625,3032.9395318834377
EXPN.L,562,6.720336611392682,14361.197578125,3171.8791052656247
EXPN.L,563,7.164047227255275,15175.961015625,2338.700374484375
EXPN.L,564,6.760962684981787,15896.715078125,2318.180409030625
EXPN.L,565,6.925044718267298,14818.87171875,3680.6555860585936
EXPN.L,566,6.7718745953618935,16369.078046875,2728.011673320625
EXPN.L,567,6.394426047519855,19088.751484375,3063.2227727807813
EXPN.L,568,6.860663257883057,14916.34421875,3070.6050264546875
EXPN.L,569,6.632865574919462,15189.23234375,2100.655442721875
EXPN.L,570,6.90753069449045,14997.6971875,2691.064150543125
EXPN.L,571,7.074715638067519,15038.0109375,3106.45111799625
EXPN.L,572,6.451562213693078,15359.6490625,5766.4466798170315
EXPN.L,573,6.868362702372148,15515.2984375,2025.7993928710937
EXPN.L,574,6.856297288788444,16775.901640625,2229.628496625
EXPN.L,575,6.926593439847097,15951.121640625,2479.241629997344
EXPN.L,576,6.428601545283026,14218.576171875,2506.8530191078125
EXPN.L,577,6.318475110932864,16190.537421875,1845.7970002845311
EXPN.L,578,7.070227047491922,15613.55796875,1662.39551817125
EXPN.L,579,6.587458887322001,15312.00140625,1962.2504901192187
EXPN.L,580,6.222403295507488,14493.913359375,2087.6811707089064
EXPN.L,581,5.999545528159647,13994.680703125,3113.9869476059375
EXPN.L,582,6.227260872167394,14681.492109375,1613.7690058015626
EXPN.L,583,6.370842007416569,14717.73703125,1804.4289548107813
EXPN.L,584,6.329748599214082,15690.040078125,15818.943297532343
EXPN.L,585,6.201540272593264,15429.878828125,2313.5343324398436
EXPN.L,586,6.444574476980029,15714.45703125,2206.022673402031
EXPN.L,587,6.184409043097039,14558.9615625,2418.699923185
EXPN.L,588,6.739513965193169,15812.171953125,1608.0128794375
EXPN.L,589,6.239539710757414,15379.38375,1744.3339237795312
EXPN.L,590,6.418070432866438,15756.53890625,2430.8626470815625
EXPN.L,591,6.442706226305908,17655.8934375,1380.8100040895313
EXPN.L,592,5.717861215395222,14650.403046875,1754.8758487134376
EXPN.L,593,6.326338388950517,15543.962265625,2946.528540035625
EXPN.L,594,5.714171665025284,15063.87671875,1831.9653795814063
EXPN.L,595,6.02653078163918,14896.6459375,2358.785061857031
EXPN.L,596,6.388491138747005,15205.58953125,2402.587865111875
EXPN.L,597,6.306978965854489,15348.726953125,2352.624240871719
EXPN.L,598,6.769842613780071,15181.88796875,1817.7766312151562
EXPN.L,599,6.336870909217259,16066.383437499999,1569.8960476532811
EXPN.L,600,6.540037357089441,14454.12765625,1889.5149282653124
EXPN.L,601,6.442644565854448,15403.727734375,2202.314625149375
EXPN.L,602,6.30884287308325,16257.64265625,1834.0807266074999
EXPN.L,603,6.187870067738488,14420.676484375,51461.7561548839
EXPN.L,604,5.893976404182589,15373.578671875,2074.411938429375
EXPN.L,605,6.111134675989374,16593.3065625,1751.9670524092187
EXPN.L,606,6.175844847491717,16172.42078125,3097.1949416228126
EXPN.L,607,5.2959794095189645,14398.986484375,1929.4602868034376
EXPN.L,608,5.741896069207065,15957.334140625,2151.6706392520314
EXPN.L,609,5.985441949989981,17377.147734375,2938.3183551978127
EXPN.L,610,6.344219018510037,18475.344016393443,2066.579598744262
EXPN.L,611,6.313516257150076,17457.51713114754,2234.6039808829505
EXPN.L,612,6.203907699272259,18907.49475409836,1894.5364446308197
EXPN.L,613,6.2850323860383615,17215.54139344262,1760.0133925681969
EXPN.L,614,6.1701531624233805,18288.833360655735,5165.14419105754
EXPN.L,615,6.09386629104847,16789.050625,16534.86507776672
EXPN.L,616,6.492695898075171,18365.58828125,2578.447355365625
EXPN.L,617,6.2407312586168935,17493.860234375,2099.2176187275
EXPN.L,618,5.9793268833117,15947.92140625,1834.5792358265626
EXPN.L,619,5.802263372553512,16923.80359375,1817.7999429559375
EXPN.L,620,6.084526215514741,17317.365625,2508.011927786719
EXPN.L,621,6.338287956054348,17432.131171875,1866.5772025295312
EXPN.L,622,5.923563354406106,21256.25234375,2459.0710662025
EXPN.L,623,5.873198900148714,25977.713203125,2060.5460485596873
EXPN.L,624,6.0811769821484125,18126.3128125,1969.3879480454686
EXPN.L,625,6.153392737216299,25392.217578125,1854.22963417
EXPN.L,626,6.457980349757564,17757.448203125,3030.444939126875
EXPN.L,627,5.8390798126580234,17567.423593749998,1541.4829482973437
EXPN.L,628,5.49194606317189,16479.77375,2660.2646476821874
EXPN.L,629,6.223279006926413,19652.8940625,2846.6741308865626
EXPN.L,630,6.016592357090224,16046.743046875,22917.044693189066
EXPN.L,631,6.0869735475987445,18284.850234375,1712.692046923125
EXPN.L,632,6.415389665257857,20680.61359375,6680.935482736719
EXPN.L,633,6.224673454478125,18726.851953125,2035.54146323375
EXPN.L,634,6.1870713166933315,18813.989296875,2349.384112156719
EXPN.L,635,6.128866945587031,19059.082734375,1578.7567742060937
EXPN.L,636,6.243585936811362,17482.30171875,12819.387612200313
EXPN.L,637,6.0495494003610615,17185.383359375,1942.55752993875
EXPN.L,638,5.964831272317158,16782.2276984127,2361.047698273492
EXPN.L,639,6.103030150487186,18986.86453125,1494.95478087125
EXPN.L,640,6.581726717890088,18631.36703125,2069.2353093565625
EXPN.L,641,6.3526066365324105,17333.629609375,1586.657772863125
EXPN.L,642,5.8639145411060305,16968.5409375,2627.8922339848436
EXPN.L,643,5.750822496559256,15771.77703125,1764.9313689684375
EXPN.L,644,5.89480067667993,18803.0696875,1613.3256433592187
EXPN.L,645,5.968130890969255,22511.0090625,1754.0409895320313
EXPN.L,646,6.224036848763863,18066.30984375,2037.0610340434375
EXPN.L,647,6.1243785854107395,18826.706875,2644.6983822979687
EXPN.L,648,6.313938087091289,18770.30640625,1846.8949773557813
EXPN.L,649,6.045387824540405,17821.406796875,1565.6078299809376
EXPN.L,650,6.263209929804859,19165.510859375,2645.806084393125
EXPN.L,651,6.055295876536425,17385.909453125,1528.8573320057812
EXPN.L,652,6.47634270437675,18436.459296875,2380.3121148084374
EXPN.L,653,6.023373384342703,19034.257578125,7426.311290927657
EXPN.L,654,6.061721222981994,20132.425078125,1355.1316438609374
EXPN.L,655,5.825769112331343,17507.547890625,1887.0588068703125
EXPN.L,656,5.776996650903957,16449.271904761907,3858.0090742146035
EXPN.L,657,5.980927755190268,18442.029140625,1706.5688163051564
EXPN.L,658,5.986342866870384,16320.079609375,6740.283375959375
EXPN.L,659,5.663896734602181,18644.375859375,1426.6539826110936
EXPN.L,660,5.8730498787176355,17356.403125,3293.3293450606247
EXPN.L,661,5.773767789734051,16535.32390625,3200.0229480217185
EXPN.L,662,5.98736640778481,21599.121328125,1529.1910659560938
EXPN.L,663,6.275736364343112,22759.12625,1840.6386500265626
EXPN.L,664,6.388336226034465,18853.70796875,2270.2155908828126
EXPN.L,665,6.085269991263541,17371.236796875,2666.308929010156
EXPN.L,666,6.596497972052209,22002.2446875,2209.3974241879687
EXPN.L,667,6.169698279968226,22212.088828125,1807.18292158625
EXPN.L,668,6.164194402737374,16511.478046875,54339.58039632875
EXPN.L,669,6.407971170641095,19574.791484375,4173.501155702656
EXPN.L,670,6.307266810338206,17143.691796875,9990.303381834217
EXPN.L,671,6.309105336387627,21693.478095238097,50051.889200883335
EXPN.L,672,6.210047984447161,16352.147109375,2178.9036813225002
EXPN.L,673,6.144167948301314,19320.676587301587,1655.9065141584126
EXPN.L,674,6.373800278007711,18302.6753125,2542.2764916865626
EXPN.L,675,6.297747912441922,17682.944453125,8591.081300027812
EXPN.L,676,6.082078109693449,21234.685859375,2140.2769614870313
EXPN.L,677,6.196096229923314,19714.393125,1728.4529908754687
EXPN.L,678,6.394697794981204,19515.943203125,1900.2470247420313
EXPN.L,679,6.503924796925648,17863.458125,1738.157899839375
EXPN.L,680,6.050468376193397,17843.7384375,1603.3072107065625
EXPN.L,681,5.973928748053914,17101.2971875,2524.2690944546875
EXPN.L,682,6.320855859817903,18837.758515625,2006.9122456171874
EXPN.L,683,6.503000632719952,18209.0340625,2069.549352713906
EXPN.L,684,6.695876747802164,24320.2640625,2345.1594438198435
EXPN.L,685,6.269329971294799,20481.836484375,2449.8174468796874
EXPN.L,686,6.455200466217766,22901.9365625,2990.5568861929687
EXPN.L,687,6.516598260427523,18536.728437499998,1769.4221981320313
EXPN.L,688,6.42177125182483,17097.91265625,2285.253355516719
EXPN.L,689,6.4956850245214675,18430.763671875,23370.770381900467
EXPN.L,690,6.438567146474224,16734.09421875,3491.191945428281
EXPN.L,691,6.338092789969572,17488.770546875,2158.258906053125
EXPN.L,692,6.0429529867192695,17549.385390625,2449.8392067028126
EXPN.L,693,6.649801826251274,17900.3715625,2097.206028907656
EXPN.L,694,6.4844694167624946,18103.05109375,6297.347587814688
EXPN.L,695,6.680718804800995,18491.420546875,2302.4092923935937
EXPN.L,696,6.084015548361057,16433.486171875,1486.4474973542187
EXPN.L,697,6.1591756275211385,15639.5975,2451.924717153125
EXPN.L,698,6.214339192393211,16493.567265625,17344.70481753125
EXPN.L,699,6.271087160592797,16853.9871875,1232.4223367825
EXPN.L,700,6.31115978208689,16815.92296875,2130.9626908204687
EXPN.L,701,5.681053126103828,16082.36125,1770.0366223578126
EXPN.L,702,6.224392689810499,18231.00234375,2619.279857285
EXPN.L,703,6.073299589483214,17453.062578125,11612.342622401093
EXPN.L,704,5.911944790544377,18465.669523809524,25090.401046133335
EXPN.L,705,6.595504790553033,17325.51171875,1957.7757521264064
EXPN.L,706,6.320435550956645,16796.488671875,1787.6157295178125
EXPN.L,707,6.188838152228814,17726.8675,13266.469678436406
EXPN.L,708,6.09167854266047,17436.511328125,1711.4133830667188
EXPN.L,709,6.1900402155099865,18189.1759375,1787.8534287839063
EXPN.L,710,5.906121575537732,15921.41671875,2375.535856661094
EXPN.L,711,5.988093322112228,16475.52953125,1427.6146454903126
EXPN.L,712,6.216142539067602,18075.52296875,1789.7708839517188
EXPN.L,713,6.022209566839281,16415.0,2001.9364149089063
EXPN.L,714,6.036622435191702,18049.989375,1514.9428450079688
EXPN.L,715,6.2767476626709096,16654.1840625,2198.643230469375
EXPN.L,716,5.940356931558218,17147.9528125,3013.6087265659376
EXPN.L,717,6.24894688794744,17187.486640625,10490.474719131562
EXPN.L,718,5.992969137683005,15835.9953125,1861.8730701032812
EXPN.L,719,6.197008665640459,19279.56796875,10608.392689692657
EXPN.L,720,6.249571388216269,18923.90296875,14658.155521466562
EXPN.L,721,5.73623157303083,17806.28671875,2328.6013125775
EXPN.L,722,6.047173404858163,17801.94640625,6083.612418868906
EXPN.L,723,6.076875984768024,19621.025703125,1950.7184540276562
EXPN.L,724,5.9866759053094505,20024.860625,1862.4063711510937
EXPN.L,725,6.121920629922369,19211.468671875,1519.8157081228126
EXPN.L,726,6.507861779965376,18388.8428125,1513.83424334125
EXPN.L,727,6.290536113355343,18487.73109375,1445.2522221207812
EXPN.L,728,6.301217607447083,17727.2125,1461.1437252792186
EXPN.L,729,6.10973416172933,19155.134453125,8455.301920162345
EXPN.L,730,5.834359673002018,16423.7796875,1513.195631984375
EXPN.L,731,6.2027348704429395,16912.97921875,1712.540358680469
EXPN.L,732,6.165536792168432,17150.574453125002,49490.05418128656
EXPN.L,733,6.194436732778966,17408.69103174603,8880.748531506984
EXPN.L,734,5.639352551359722,18373.5809375,1847.2950243332814
EXPN.L,735,6.29115467128274,19680.56046875,6712.269630015625
EXPN.L,736,6.321759882136844,17215.59859375,22954.69715802203
EXPN.L,737,5.936761708496628,17381.923828125,1414.0065772132812
EXPN.L,738,5.595269024054425,16574.438203125,1628.6304488439064
EXPN.L,739,6.160562516096338,18607.130546875,1987.5510794142187
EXPN.L,740,5.757630986736647,16511.884296875,2098.556660475156
EXPN.L,741,6.081014742646197,19157.51546875,1390.7197153221875
EXPN.L,742,6.082188507342387,17907.62953125,1815.8927881821876
EXPN.L,743,6.1571321269419785,17898.273515625,2009.5451540934375
EXPN.L,744,6.304031940756111,19416.14,1680.873551780625
EXPN.L,745,6.3813586407981315,19428.163359375,53894.91888348734
EXPN.L,746,6.160799870624606,17869.59125,2576.7516526834374
EXPN.L,747,6.215991743663534,18229.399921875,2490.1960582879688
EXPN.L,748,6.039448969199162,15845.5321875,9201.791809653125
EXPN.L,749,6.138722196682743,16847.966875,2552.0585392548437
EXPN.L,750,6.351201306693672,18305.326015625,1894.7750100879687
EXPN.L,751,6.167026383727367,14881.914765624999,4107.603889893281
EXPN.L,752,6.127942213734331,17112.925390625,3992.6757244282812
EXPN.L,753,5.925150433346331,16755.29984375,2233.4174920789064
EXPN.L,754,6.438251039706154,18293.824375,3074.6800888660937
EXPN.L,755,6.798850707258915,18947.559765625,45310.781736945
EXPN.L,756,6.309405076260256,17685.859765625,3379.206252272344
EXPN.L,757,6.259975182035756,17932.17328125,12133.119687557812
EXPN.L,758,5.874463529175956,17537.528125,1935.2170300251562
EXPN.L,759,6.258208399041858,17762.474921875,1775.763030448125
EXPN.L,760,6.269767110466216,16988.38234375,1553.7916369476563
EXPN.L,761,6.214983746145361,23354.439921875,1633.5999989725
EXPN.L,762,6.534065962244517,18836.036015625,1570.8345668054687
EXPN.L,763,6.398845993085449,18439.3125,2179.07891480125
EXPN.L,764,6.404790530554567,19227.390625,2528.6303107578124
EXPN.L,765,6.479359074367774,17294.8415625,2895.2856995740626
EXPN.L,766,5.915032681762537,15711.352187499999,2571.672430708438
EXPN.L,767,5.880782524279461,17640.907890625,18162.65380317453
EXPN.L,768,6.451589112899374,17523.5884375,1445.2069865889064
EXPN.L,769,6.043957186297153,17048.858828125,2186.9825101795313
EXPN.L,770,6.031359698747541,17957.793125,1396.4218881478125
EXPN.L,771,6.139538023739354,16975.875625,1911.959754699375
EXPN.L,772,5.901113388999531,16967.975390625,1977.61882374375
EXPN.L,773,5.548685814186641,15205.82859375,1363.0570794879688
EXPN.L,774,5.964046883365457,17999.283281250002,1973.235013526875
EXPN.L,775,6.0303349682726894,17214.60125,22525.350021097347
EXPN.L,776,5.571018184285828,15918.89625,39066.775100157654
EXPN.L,777,5.781464834347474,16753.1134375,1535.71504677
EXPN.L,778,5.793443454459568,16069.394140625,1514.6565273354688
EXPN.L,779,5.558888745812991,17071.8603125,1266.5521827879688
EXPN.L,780,5.9910865372878765,17253.691953125,2742.363039968125
EXPN.L,781,6.199609849487793,17944.70234375,2408.1423208853125
EXPN.L,782,6.037244434612123,17389.20921875,2380.35330387375
EXPN.L,783,5.8742768579019105,18450.367890625,1485.554136660625
EXPN.L,784,5.620800780082445,16242.1821875,1275.7819696185938
EXPN.L,785,6.158422522597081,16747.794453125,1409.6514415526563
EXPN.L,786,5.957412744007848,17783.31109375,1449.5420007184375
EXPN.L,787,5.3541653973453265,18022.278671875,1856.5003618020312
EXPN.L,788,5.583224776292772,17250.884453125,4853.930237313438
EXPN.L,789,5.884910028316581,18463.22625,29874.16630241672
EXPN.L,790,5.920159265274373,16967.6621875,1303.8357425589063
EXPN.L,791,5.437584733505559,16923.234921875,1747.6145979640626
EXPN.L,792,5.269715558324711,21009.397421875,9060.354448540626
EXPN.L,793,5.051835270020908,16350.366796875,2138.647593397344
EXPN.L,794,5.629177104340727,16766.986015625,1404.9216462342188
EXPN.L,795,6.253842558566216,17805.552890625,1935.1877052051564
EXPN.L,796,5.635810861967417,17304.224453125,1961.1011293562499
EXPN.L,797,5.618074740017673,18405.79890625,1873.6870554401562
EXPN.L,798,5.699674063364276,16626.390625,1579.4575830478125
EXPN.L,799,5.686233185339534,18477.058828125,1701.7257132021875
EXPN.L,800,5.850773851881291,16983.783281250002,2016.0937718904688
EXPN.L,801,5.972620563653902,20050.4759375,2303.8600363521873
EXPN.L,802,5.436801009848188,21937.785078124998,1698.8506107240626
EXPN.L,803,5.415626274917019,21479.241171875,2034.2359716048438
EXPN.L,804,5.864385399762371,17969.596640625,2812.6118259109376
EXPN.L,805,5.648193933330053,21151.2615625,1692.6234820259374
EXPN.L,806,5.857671161578194,21933.53828125,2801.925088775
EXPN.L,807,5.613823819545007,21191.82703125,2434.491776168594
EXPN.L,808,6.44960436496006,22607.588671875,2899.7084706848436
EXPN.L,809,6.17511839313958,20510.020078125,6699.040384216094
EXPN.L,810,6.847930784578927,16201.67375,4106.266835445313
EXPN.L,811,6.461133538142621,15019.236796875,4557.782360365
EXPN.L,812,5.7187700142668545,17677.784609375,3786.0314895434376
EXPN.L,813,6.015641210460988,21038.3778125,3424.0116750825
EXPN.L,814,6.004289213847371,21115.659609375,4448.756934687031
EXPN.L,815,6.044868251443144,18154.184296875,10404.677539659688
EXPN.L,816,5.785714532524586,17901.21888888889,10349.740756601112
EXPN.L,817,5.64071016789611,17636.916796875,2709.904985459219
EXPN.L,818,5.881376896269267,24802.858125,2819.4404227265622
EXPN.L,819,5.637903814646195,16808.445859375,2702.7933510014063
EXPN.L,820,5.978859846076694,17575.701093749998,2161.1508014646874
EXPN.L,821,5.88734349675904,17747.7471875,6711.686656961094
EXPN.L,822,5.946936048236389,19158.700625,2127.402002165625
EXPN.L,823,6.1422384370025105,18949.121015625,3168.4308598275
EXPN.L,824,5.730723179559827,27637.294609375,3068.6565942957814
EXPN.L,825,6.017724524760995,18610.504285714287,3711.3120273528575
EXPN.L,826,5.8965836977223605,20612.187857142857,2390.627988073016
EXPN.L,827,5.616150488685857,20619.882301587302,105778.1938778643
EXPN.L,828,5.884958619866011,21157.083888888887,2576.8717924780954
EXPN.L,829,5.893828469229282,26744.15666666667,15362.695867403174
EXPN.L,830,5.849941116066811,26178.180390625,15026.037174214063
EXPN.L,831,5.803637031400949,17892.27265625,3016.5297276234373
EXPN.L,832,5.298635134539399,15837.94578125,3713.498587196875
EXPN.L,833,5.736275367175289,18862.807734375,1837.0561432389063
EXPN.L,834,6.148154417981595,20302.708671875,3248.9820562979685
EXPN.L,835,6.016143248914098,21371.13375,2498.952589626094
EXPN.L,836,6.106450837904633,21485.462578125,2061.1676528004687
EXPN.L,837,5.62651678077124,17430.61765625,2156.606971459375
EXPN.L,838,5.919330405206831,18701.62015625,18279.15265809531
EXPN.L,839,6.098323039421947,22575.162421875,2507.652959500156
EXPN.L,840,6.201615803923258,18063.01953125,3506.4118086032813
EXPN.L,841,6.112341099723624,16185.102109375,3324.5989302914063
EXPN.L,842,5.692309175280246,19832.677656249998,3203.4206130076564
EXPN.L,843,6.064942938449228,19739.6284375,2826.1694342704686
EXPN.L,844,5.9878371803104695,18591.81609375,3738.2969745565624
EXPN.L,845,5.590202932266794,16904.2290625,3129.7658704695314
EXPN.L,846,5.676296337391695,16834.672421875,3025.9616378875
EXPN.L,847,5.682909858079856,18089.284453125,9184.619782298594
EXPN.L,848,6.154719802577166,19880.25734375,3003.0526306034376
EXPN.L,849,5.84344190617537,17364.0146875,4791.243593250469
EXPN.L,850,6.086494806592759,17233.287734375,2798.7052955348436
EXPN.L,851,5.507779798618474,15734.073515625,3283.1862556539063
EXPN.L,852,5.715400642783915,17111.2740625,2509.9417263554687
EXPN.L,853,6.379009326832894,18666.325859375,2386.901750273906
EXPN.L,854,5.889520443917968,19088.5690625,29519.689652148594
EXPN.L,855,6.059578653315994,17332.855859375,2951.856072384375
EXPN.L,856,6.172396615580213,18663.672578125,3244.2689977204686
EXPN.L,857,5.67422865300113,18405.307578125,3464.528621351719
EXPN.L,858,5.895568359359178,18680.5384375,4600.5946558375
EXPN.L,859,5.818473069474206,26035.129140625002,24839.80696729094
EXPN.L,860,5.794145366491606,17539.365078125,3163.715319454219
EXPN.L,861,6.307170656929979,22202.661484375,2425.885163452344
EXPN.L,862,5.706902457088654,22100.30359375,2343.090987487969
EXPN.L,863,5.963618308997981,18724.99921875,2520.5038052546874
EXPN.L,864,6.077835477023017,18853.41078125,2467.920937630625
EXPN.L,865,6.225030906836008,19474.762421875,7533.193541815469
EXPN.L,866,6.129216635604197,19096.194609375,2640.30125921875
EXPN.L,867,5.122658300503978,18122.8946875,3057.625362530156
EXPN.L,868,5.788697593725683,17747.263984375,2742.7559746517186
EXPN.L,869,5.839082358302146,17554.656640625,2626.6590881875
EXPN.L,870,6.101192575640383,16516.44671875,6945.868661878125
EXPN.L,871,6.587408694315645,17213.19453125,5962.562621373438
EXPN.L,872,6.160041926867953,38468.3825,5682.876883916875
EXPN.L,873,6.412828442416354,17088.41765625,6461.7832496853125
EXPN.L,874,6.483246303358544,17599.636484375,19330.676518567187
EXPN.L,875,6.365176357288976,16371.79640625,8809.175515031251
EXPN.L,876,6.419418784697625,16763.879140625,5572.8232771175
EXPN.L,877,6.075181589293751,17593.02125,3989.516493943125
EXPN.L,878,6.790337328803605,15727.2175,4220.095104559531
EXPN.L,879,6.426036587565308,16492.383671875,5547.209483890625
EXPN.L,880,6.82163948280402,18046.684765625,6003.823826204687
EXPN.L,881,6.593787226916267,31937.375078125002,5170.168577931719
EXPN.L,882,6.35298749492447,19332.442578125,7174.2279778582815
EXPN.L,883,6.739373796103189,18393.8990625,5172.26882513125
EXPN.L,884,6.559357202015234,18540.24640625,4735.095842430156
EXPN.L,885,6.811623385192971,17858.889375,78545.55784739062
EXPN.L,886,6.524997714887476,21942.086875,5143.027669215625
EXPN.L,887,6.12052694389828,25709.085546875,5067.4913729
EXPN.L,888,6.305416032662175,16343.197109375,3615.3755910125
EXPN.L,889,6.531364169296326,19161.8490625,3313.1734000828123
EXPN.L,890,6.863502498138495,19813.2578125,2942.636282113125
EXPN.L,891,5.684420452852061,17871.3596875,3925.3542483465626
EXPN.L,892,5.981459444958941,23726.7496875,5386.741794199532
EXPN.L,893,6.199921596916006,20149.118203125,3462.2359246885935
EXPN.L,894,6.520223045942025,21879.635859375,3892.9513239054686
EXPN.L,895,6.362632337550417,19845.125078125,3290.48249488625
EXPN.L,896,6.205244866933589,20351.30703125,14707.566704268751
EXPN.L,897,6.125905134793722,21062.33296875,5031.3164837275
EXPN.L,898,6.348734171188137,18839.172421875,5082.85594914
EXPN.L,899,6.3552415851345465,17709.202890624998,11158.68808850125
EXPN.L,900,6.170999367748046,15909.38140625,4433.810560878125
EXPN.L,901,6.761393390257174,38873.238828125,12595.392057939061
EXPN.L,902,5.813221101655279,19754.6490625,6212.040830798906
EXPN.L,903,6.231710427186114,20182.355390625,5300.873894971875
EXPN.L,904,5.923490489536456,18272.223046875,3202.9559094625
EXPN.L,905,6.271956619227163,18550.861484375,11973.919949914063
EXPN.L,906,6.750404531441332,19563.79953125,3560.3629000046876
EXPN.L,907,5.683794587552043,20107.272265625,4429.2292223
EXPN.L,908,5.955031859681175,19911.641796875,3547.6297306484375
EXPN.L,909,6.1990627800614035,20488.598046875002,4330.815243895937
EXPN.L,910,5.937566367413534,19436.405703125,3841.531478092969
EXPN.L,911,5.944647550059825,19570.6340625,3972.8120732353127
EXPN.L,912,5.923532690584079,20748.470078125,8978.007226282813
EXPN.L,913,5.481262513668339,16730.82296875,4070.072139398125
EXPN.L,914,5.9626648582170185,18600.48515625,4089.3899551796876
EXPN.L,915,6.202328726153997,20308.762421875,3611.2847910359374
EXPN.L,916,5.899505053051283,18123.562109375,4079.306415971875
EXPN.L,917,5.960723241983537,21541.63140625,4872.593729223438
EXPN.L,918,6.568012866838765,20522.84609375,39018.121070821406
EXPN.L,919,6.107456792761802,21808.458906249998,5052.709142420313
EXPN.L,920,6.113801366662966,20217.3484375,3683.918873077344
EXPN.L,921,6.262757283434081,26886.965234375,4434.052072369531
EXPN.L,922,5.865260335929584,23127.904765625,4541.923586628437
EXPN.L,923,6.375311084688179,27008.320078124998,4786.531918905469
EXPN.L,924,5.88229647669412,22133.19453125,5246.006455746875
EXPN.L,925,5.935859679344182,18857.85890625,5080.694739639687
EXPN.L,926,5.776761832150154,23505.874375,8319.324729085312
EXPN.L,927,5.937743411641643,26035.14375,5087.331444264062
EXPN.L,928,5.903837828398782,23673.341640625,4423.524138885938
EXPN.L,929,5.556371563556151,22422.743046875,4044.3339431296877
EXPN.L,930,5.76870307838489,22656.86203125,3836.0382966265624
EXPN.L,931,5.910847591984995,41738.562265625,4406.895594329688
EXPN.L,932,5.6240919428159035,22114.260859375,4544.891091814063
EXPN.L,933,5.29988015393366,18799.643359375,4385.672227448281
EXPN.L,934,6.2136464763889885,24152.36484375,3214.1694881275
EXPN.L,935,5.8991936520161685,20966.795078125,3710.119834546875
EXPN.L,936,5.607386835197728,19979.31515625,4210.5894963323435
EXPN.L,937,5.876023259984964,23773.29921875,7192.923904260938
EXPN.L,938,5.924839387530432,21166.35875,4716.961066227813
EXPN.L,939,6.023041881352076,24669.997109375,3934.03246781
EXPN.L,940,6.243091517168965,24301.55796875,4760.746345726407
EXPN.L,941,6.363656997529485,25410.14734375,5060.437744764063
EXPN.L,942,5.7693570550046696,29896.166796875,3752.8950089421874
EXPN.L,943,5.813735870251731,25068.58046875,4539.2683871875
EXPN.L,944,6.470942158726577,26704.89796875,3559.336084925
EXPN.L,945,6.007938289628325,24961.482265625,3322.726433011094
EXPN.L,946,6.266369309380949,26082.98140625,5281.994054972188
EXPN.L,947,5.3656371284772275,25809.451171875,4112.9358773110935
EXPN.L,948,5.825659208886989,23739.654140625,3216.801686920156
EXPN.L,949,5.428332584156294,23472.87203125,5323.248497847344
EXPN.L,950,5.255422118022764,22055.70203125,17120.92848498125
EXPN.L,951,5.182894000662919,22851.38296875,4746.080560096875
EXPN.L,952,5.246196011045935,24270.0746875,3684.199506021094
EXPN.L,953,5.75816313679394,26651.124375,9378.745879684062
EXPN.L,954,5.354248079512629,23250.26765625,4450.198686399532
EXPN.L,955,5.247062366000905,31867.543515625002,4453.3935762451565
EXPN.L,956,5.498195752619802,26077.18421875,4499.3718752318755
EXPN.L,957,5.09605175574064,24891.220703125,3876.2625474215624
EXPN.L,958,5.413232449450087,24049.77734375,5300.99895181375
EXPN.L,959,5.444516175448408,44135.80546875,3904.3558180421874
EXPN.L,960,5.627409687208414,26646.8228125,9482.648408634375
EXPN.L,961,5.670599655579593,39394.083359375,8391.230700059376
EXPN.L,962,5.140585825968097,26838.1575,5946.321966970312
EXPN.L,963,5.5994593145917735,27122.8440625,5872.797949875313
EXPN.L,964,5.5958597740404485,29197.51828125,5364.615801801562
EXPN.L,965,5.29243495261944,27320.224140625,6168.232679422813
EXPN.L,966,5.716826456589167,29122.68546875,6633.748939558125
EXPN.L,967,5.026073772776185,27770.912031249998,4897.724389056719
EXPN.L,968,5.1981372053423485,25675.25859375,4699.345046892187
EXPN.L,969,5.476928387390846,29440.690078125,11453.53467183203
EXPN.L,970,5.28908728756438,27315.341796875,4685.881913640625
EXPN.L,971,5.282102859247553,25505.644296875,6382.81792628125
EXPN.L,972,4.862409598540482,31698.87765625,4978.137625892187
EXPN.L,973,5.605389937398112,34386.2946875,5779.964154165625
EXPN.L,974,5.139708743551569,36195.216328125,4658.789177990625
EXPN.L,975,4.993471233635164,43616.283046875,6901.2343455375
EXPN.L,976,4.6750233896479045,34868.99828125,7874.335086515624
EXPN.L,977,5.139615861569363,41152.800546875,6195.9064903625
EXPN.L,978,5.150995172003417,30791.336953125,13866.92022754375
EXPN.L,979,4.7284867527787435,35167.223671875,5629.971886950469
EXPN.L,980,4.704928280478279,35332.4484375,8362.856255023438
EXPN.L,981,4.992571559678327,33474.35390625,7470.023672100313
EXPN.L,982,4.600915172457808,36406.171015625,6837.266985278281
EXPN.L,983,4.8761253343585,32586.196171875,6568.424703471875
EXPN.L,984,4.613464063956921,33551.96046875,11567.54265409375
EXPN.L,985,4.499833274360686,31013.415234375,7397.95061475
KGF.L,495,13.786411897934673,3976.222655737705,4838.746323415738
KGF.L,496,14.195994021054235,4570.0630158730155,4289.0697031749205
KGF.L,497,14.138193736383418,5206.575967213115,5083.063136152459
KGF.L,498,13.803752504997792,4749.3016796875,3820.7050008795313
KGF.L,499,13.56065618597469,4449.5852265625,3947.034334175781
KGF.L,500,13.971215676317248,4683.7735625,3682.6320157329687
KGF.L,501,13.54861305101685,4584.89896875,4700.135737869219
KGF.L,502,13.359131894295064,4794.786443548387,2978.1005980014515
KGF.L,503,13.305191918927795,4371.871261904762,3381.833066735238
KGF.L,504,13.112503410307683,4647.456790322581,2166.348704584355
KGF.L,505,12.890605698299893,5156.302166666666,3212.4000890419047
KGF.L,506,13.430656571705478,5329.555746031746,3836.160756243016
KGF.L,507,12.920042578712382,5482.095150793651,3643.9276825807938
KGF.L,508,12.162542597482348,4887.6983125,2760.2009659007813
KGF.L,509,12.419222155687994,5464.1761328125,2995.48839955125
KGF.L,510,12.104888369681563,5322.0142578125,5309.142968922031
KGF.L,511,11.70028478847679,4476.467341269841,4306.489791109365
KGF.L,512,12.12469278338769,4889.516290322581,3424.995311008387
KGF.L,513,11.651689038025689,4710.3422016129025,2275.742564387258
KGF.L,514,11.404416964632475,4317.1753046875,2929.3305097395314
KGF.L,515,11.999918545983698,5054.466111111111,3610.3402539333333
KGF.L,516,11.271236805135272,4960.7586249999995,3141.1113889882813
KGF.L,517,11.16294801422938,5035.330190476191,6082.553543953651
KGF.L,518,12.083051586385626,5260.944658730159,2999.774418040476
KGF.L,519,11.739474397206234,5174.120746031746,3292.8738792469844
KGF.L,520,11.007196095423783,4795.3658203125,2771.69971276375
KGF.L,521,10.874913375678949,4664.8593359375,2213.2318294629686
KGF.L,522,11.20028206808954,5182.672203125,2681.1906154090625
KGF.L,523,11.42132510241039,5135.924546875,2581.3236893928124
KGF.L,524,11.085369168854333,4571.3078828125,1849.6997749535938
KGF.L,525,11.32872881363447,5017.492421875,2256.360959683125
KGF.L,526,10.994731583352044,5043.005277777778,3044.762958088889
KGF.L,527,11.113950711061426,5511.652596774194,2141.4903021748387
KGF.L,528,10.77893222002704,4899.0887421875,2758.1260717264063
KGF.L,529,11.247211998760005,5173.533298387097,3041.3300973603223
KGF.L,530,10.683117448799871,4835.3101484375,2092.9905532403127
KGF.L,531,10.874140810110362,5095.072547619048,3289.3893145042857
KGF.L,532,10.252597437133359,5511.107277777778,6896.302346128254
KGF.L,533,10.59426158426377,5049.751380952381,3022.8776930366666
KGF.L,534,10.170284273633149,4621.309785714285,3205.372179703016
KGF.L,535,10.906927500876911,5867.683262295082,2734.859363016721
KGF.L,536,10.721164657941339,5148.6184296875,1622.1626875903125
KGF.L,537,10.663466623140263,6044.7165,2767.4902168927415
KGF.L,538,10.397744570397318,5360.3017890625,3022.2327398025
KGF.L,539,11.07505081649465,6109.92769047619,5678.6817029947615
KGF.L,540,10.435557496697943,5344.697857142857,2883.6790324666667
KGF.L,541,10.073563636567062,4798.302265625,3581.038947890625
KGF.L,542,10.85038181022657,4923.388828125,2367.306155432344
KGF.L,543,10.625461043096974,5291.970120967742,4260.048772984193
KGF.L,544,10.216933392354585,4477.109166666667,3231.4530979220635
KGF.L,545,10.70440716269584,4929.530338709677,2547.126955266129
KGF.L,546,10.594922177372926,5393.115258064517,20854.37447253548
KGF.L,547,10.263930144363014,5225.3802421875,3279.915558586719
KGF.L,548,10.130413084365053,5034.368701612903,2837.1437300304838
KGF.L,549,10.128898038683378,5159.505442622951,2367.742958286885
KGF.L,550,10.605073392932686,5226.063338709678,2925.014979860484
KGF.L,551,10.31456779636484,5449.221640625,2442.2823224309377
KGF.L,552,10.534433044461043,5731.240515873016,2569.8431999626982
KGF.L,553,10.704903892818098,5701.488666666667,4373.740287923333
KGF.L,554,10.089243171564398,5157.32515079365,6161.344138951111
KGF.L,555,10.25895680208882,5420.174540322581,1984.5077837896774
KGF.L,556,9.984159353595171,4736.651703125,2093.5673239759376
KGF.L,557,10.098558247414676,5616.472261904762,3297.9436177377775
KGF.L,558,9.865144464726217,4981.554047619048,1946.118346439365
KGF.L,559,10.620185658312185,6160.790201612903,2418.411041785484
KGF.L,560,9.90207848803642,5319.333722222223,2172.3390515222222
KGF.L,561,10.534743537111032,5514.894626984127,3543.7515068068255
KGF.L,562,9.91400123391697,5143.180540322581,2645.4068755359676
KGF.L,563,10.026751326930155,5540.5967734375,2259.021079598281
KGF.L,564,9.898683240152627,5393.5757539682545,3901.05106791254
KGF.L,565,9.637142457120841,5169.0613984375,1584.5563955373439
KGF.L,566,9.730784744903355,5278.1461746031755,2530.1555221685717
KGF.L,567,10.10721812051174,7390.884817460317,2526.7089491765078
KGF.L,568,10.030755217471869,5542.36746875,4665.93213102125
KGF.L,569,9.661789580852032,6150.722476190476,5218.770821558889
KGF.L,570,9.811405458547656,5580.624611111111,3497.4486644882536
KGF.L,571,9.20092890397058,5390.251452380952,1893.3131539985716
KGF.L,572,9.721697168913382,5563.753734375,2589.05817487875
KGF.L,573,9.74580156533255,5378.137222222223,2766.980354479365
KGF.L,574,9.622599122000546,5871.279919354838,3193.3899545112904
KGF.L,575,9.414992749607269,5378.101375,2074.5837217953126
KGF.L,576,9.373513199617586,5049.821225806452,2654.5458256685483
KGF.L,577,9.628170543802451,6450.33689516129,1851.3779308020967
KGF.L,578,9.625468443764944,5585.976928571428,1807.2304676046033
KGF.L,579,9.458771805829052,5698.087111111111,1762.1048955863494
KGF.L,580,9.577932738285684,5383.608266129033,2977.031694873548
KGF.L,581,9.10859888396966,5846.175008064516,1999.1444689496775
KGF.L,582,9.70637978679634,6100.96275,2833.0121814995314
KGF.L,583,9.232881404058418,5989.460428571429,2336.4139256403173
KGF.L,584,8.848834361083636,5625.124580645161,4355.033561429839
KGF.L,585,9.516925913387968,5712.528754098361,3878.5111346180324
KGF.L,586,9.28697818802305,6435.082238095238,5554.236596257143
KGF.L,587,9.373702158517705,5607.943836065574,3633.512701463115
KGF.L,588,9.41597459229847,5628.1354921875,2642.8538449679686
KGF.L,589,8.871271065482098,5383.8462421875,1736.988327203125
KGF.L,590,9.06225903828118,5385.000492063492,2272.357881755556
KGF.L,591,8.895583758968591,5332.41078125,4906.79027485625
KGF.L,592,9.424150904783883,5247.5875163934425,1863.5775610986886
KGF.L,593,9.255950151782013,5807.961991935484,22072.876183399356
KGF.L,594,9.04098960989424,6323.004172131147,2209.1858922978686
KGF.L,595,9.31400759451581,5829.509317460317,5509.022235650635
KGF.L,596,9.496697734904773,5378.023233333332,4341.7967233425
KGF.L,597,9.183244605479915,6113.637119047619,2256.2527282726983
KGF.L,598,9.209295950713088,6497.48992063492,1956.371670334603
KGF.L,599,9.089959592084613,6095.1780234375,24881.035423583126
KGF.L,600,8.680207393941249,4839.880642857143,4895.261675337302
KGF.L,601,8.914528607840007,5214.2020555555555,2592.1309912471424
KGF.L,602,8.502388861924432,5298.922555555555,13527.771531252698
KGF.L,603,8.796807458842167,5206.453484126984,1940.5569412388888
KGF.L,604,8.687640566930225,5004.23674590164,4341.272482100984
KGF.L,605,8.66130120764592,5169.071730158731,2890.819300070476
KGF.L,606,9.234607088545065,5571.582031746032,3385.1261085657143
KGF.L,607,8.937148051081552,6273.9699453124995,13431.721402729843
KGF.L,608,8.972829874897338,6525.466359375,2738.2556115876564
KGF.L,609,8.998430649525956,5908.7786328125,2312.0997761739063
KGF.L,610,8.693205455570412,5523.465661016949,1898.9154765369492
KGF.L,611,8.563099779420444,5714.504467213115,1847.6177702360658
KGF.L,612,8.719467991573731,5494.204818965517,3048.2163782005173
KGF.L,613,8.817815135341583,5823.827016393442,2445.5847854347544
KGF.L,614,8.589751907438977,5575.058703389831,2402.082825359661
KGF.L,615,8.477256046915768,5960.1725703125,34321.31122616281
KGF.L,616,8.829183172932433,5724.381441666667,2549.415426791333
KGF.L,617,8.723048677281927,5613.216928571428,4201.671603088571
KGF.L,618,9.168301219149443,5958.311849206349,4576.7366777503175
KGF.L,619,8.639844655853015,5180.233064516129,3863.693281060968
KGF.L,620,8.63812305782493,5377.587721311475,1341.578739657541
KGF.L,621,8.839166387611314,5351.718619047619,1462.8860509380952
KGF.L,622,8.933979809495415,5494.046785714286,2508.277364025238
KGF.L,623,8.78979765429214,5527.140467741936,5417.272498696129
KGF.L,624,8.853327704862469,5928.407360655738,3357.5588844588524
KGF.L,625,8.333327268776083,5393.25546031746,1596.3826630771428
KGF.L,626,8.682964163644694,5211.9773046875,6575.991629637812
KGF.L,627,8.897602404539896,5634.7866693548385,1989.1951022467742
KGF.L,628,8.638344568404825,6396.1967109375,42696.75227596344
KGF.L,629,8.762254045501066,6573.9504609375,2946.0036957125
KGF.L,630,8.749949614411843,5873.4875625,3479.9871969734377
KGF.L,631,8.746566467970826,5838.933258064517,1956.2154833124196
KGF.L,632,8.585035640053663,5628.311966666666,93574.90875
KGF.L,633,8.788382879733033,5524.4554677419355,1960.8755762898386
KGF.L,634,8.80586079033493,5989.428298387097,3143.1351680975804
KGF.L,635,8.982551454397381,6471.541,1842.0387777101614
KGF.L,636,8.460955165974763,5438.1297578125,81087.9643276414
KGF.L,637,8.63032337098778,5761.037669354839,1821.5727651820969
KGF.L,638,9.1739257974678,5886.706672131148,2583.86968851541
KGF.L,639,8.668849889012485,5706.923379032258,1706.5635639909676
KGF.L,640,8.759495254115043,5173.288603174603,1732.6484493120636
KGF.L,641,8.527142215874177,5617.702774193548,2863.47119413371
KGF.L,642,8.682455052951134,6187.575262295082,1751.5635035159016
KGF.L,643,9.075974367469486,6047.451507936508,1706.690028606508
KGF.L,644,8.868118652980797,5739.630095238095,2152.802521462698
KGF.L,645,8.509794622670913,5533.938301587302,2120.087077427619
KGF.L,646,8.541348507244424,6103.23603125,1152.5647245846876
KGF.L,647,8.617052537169121,6122.7519999999995,2291.5587565338096
KGF.L,648,8.761728280540014,6151.1279765625,4704.141547255469
KGF.L,649,8.727412603563367,5752.333475806452,17737.595098021127
KGF.L,650,8.51954942384704,5931.318064516128,20932.84606195774
KGF.L,651,8.71271235246208,5915.628368852459,27777.2759079541
KGF.L,652,8.804134496578603,5571.3842734375,8508.500885981719
KGF.L,653,8.958266697031409,6078.710841269841,4526.118254007143
KGF.L,654,8.234167510712952,6007.6546953125,4090.5593393195313
KGF.L,655,8.444868819941131,5816.662484126984,6120.84357534127
KGF.L,656,8.695356876723293,6493.515859375,4118.659269875938
KGF.L,657,8.403645016660574,6197.235967741935,2939.9016061658062
KGF.L,658,8.694229447915088,5798.538983606558,3309.8088887411477
KGF.L,659,8.124423745754218,6262.673626984127,6428.881361393651
KGF.L,660,8.432473214786828,5733.0490322580645,5796.352843951613
KGF.L,661,8.669406095411082,5505.167693548387,2219.1364286025805
KGF.L,662,8.968585965063221,5587.454047619048,1943.757624563492
KGF.L,663,8.424479242227505,5757.010403225807,2168.8470090008063
KGF.L,664,8.651541886971913,6144.262222222223,2761.595009287143
KGF.L,665,8.95316304901757,5962.2246904761905,5400.805277334127
KGF.L,666,8.679040792933623,6458.490370689656,2562.7394468931034
KGF.L,667,8.811071460858898,6972.731976190476,12355.659530344605
KGF.L,668,8.505533190433592,6386.817721311475,2331.2084885159015
KGF.L,669,8.472362904260608,6177.731475806451,13487.02888560242
KGF.L,670,8.85753564873964,6138.074158730159,1545.888752831746
KGF.L,671,8.840660258805077,5753.852619047619,1605.8202269560318
KGF.L,672,8.459311455573928,5780.869109375,1481.3484615775
KGF.L,673,8.8869719510926,6821.7489921875,5087.605293013125
KGF.L,674,8.851474308217723,6654.572890625,3235.787037156094
KGF.L,675,8.66593639475995,6448.066725806451,4324.927679871774
KGF.L,676,8.827132297106802,5543.284709677419,84893.65218902323
KGF.L,677,8.26582721162124,6112.144295081967,5684.687627239672
KGF.L,678,8.52549517244451,4950.28565079365,2659.4103281290477
KGF.L,679,8.634307931169165,5824.791571428572,905.6163744701587
KGF.L,680,8.80547697243233,5703.695404761905,2016.5129550984127
KGF.L,681,9.049589092136744,5874.893870967741,2845.472989467742
KGF.L,682,8.652590416237889,6336.3714375,2224.7459259196876
KGF.L,683,8.60722255661271,6000.9448671875,51960.88323725344
KGF.L,684,8.946019195984837,7491.39110483871,2748.6410521680646
KGF.L,685,8.735962109459154,6014.538734375,2828.501597076875
KGF.L,686,8.593381177668945,6292.3029296875,2732.125660011719
KGF.L,687,8.742021107705634,7068.682523809524,1874.754781524127
KGF.L,688,8.278114076092411,5753.480222222222,33007.98731863762
KGF.L,689,8.205289311230347,6363.0359112903225,14792.333493985483
KGF.L,690,8.388027135102858,5224.804325396825,1995.4631691598413
KGF.L,691,8.304838411880505,6075.124241935484,17904.41833463226
KGF.L,692,8.271664710414065,5651.206103174603,3079.1801121593653
KGF.L,693,8.285808781284283,6296.09245,18361.171313572835
KGF.L,694,8.30295642102047,6301.597104838709,1828.7403734290324
KGF.L,695,8.365793895007553,6065.7739765625,1711.8833440739063
KGF.L,696,8.223543732220762,5851.778193548387,2757.2154147701613
KGF.L,697,8.631529362605596,6252.994671875,2821.293682878125
KGF.L,698,8.153023933233554,5786.393015873016,5795.344650007778
KGF.L,699,8.706443209020035,6423.674484126984,2907.914478513333
KGF.L,700,8.334469632893766,6929.7111,5239.144878171834
KGF.L,701,8.048633933455179,5977.018412698412,3033.7173171569843
KGF.L,702,8.176213123060272,5943.402428571429,1477.6961563187301
KGF.L,703,8.571539769475432,6827.304095238095,2124.2356341033333
KGF.L,704,7.766689781551944,5597.8539,36604.621452816165
KGF.L,705,8.435634824167819,6883.5121640625,3555.1583435840625
KGF.L,706,8.234848631090157,6361.336309523809,2217.5408457619046
KGF.L,707,8.35249858188108,7124.1530737704925,2533.1771410006554
KGF.L,708,8.222447928135058,6351.701912698412,18365.66876834111
KGF.L,709,8.110986164376575,6490.484650793651,4384.4533140404765
KGF.L,710,8.241988120968186,6357.8241953125,1571.3830989984376
KGF.L,711,7.711296805734175,6117.362209677419,1817.1869920808067
KGF.L,712,8.241486513286274,6366.660182539682,2163.2673652915873
KGF.L,713,8.38941915059495,5831.0299140625,1760.1084003906249
KGF.L,714,8.572879576664537,6318.218696721311,2402.9309382563933
KGF.L,715,8.589869662220956,6889.856071428571,2183.6217600892064
KGF.L,716,8.620600373706202,6521.041975806451,1862.6071734859677
KGF.L,717,8.876348396923863,6282.6325546875,10583.504308338906
KGF.L,718,8.872477834390297,6455.3819765625,2206.3398645578127
KGF.L,719,8.97679548572203,6788.508734375,1439.57740681125
KGF.L,720,8.74351351437859,6345.72703125,12323.6195664075
KGF.L,721,8.540891083954394,6343.65226984127,1744.8267496507935
KGF.L,722,7.860703043414011,5945.9201875,47457.7771630175
KGF.L,723,8.022892580786415,6045.793587301587,2318.218735812381
KGF.L,724,8.074945623999524,5599.153967741935,2160.0885632382256
KGF.L,725,8.568746979518775,6262.9006953125,1460.015625
KGF.L,726,8.376468540926464,5972.027706349207,1437.3410595614284
KGF.L,727,8.916132570765122,6088.818253968254,2199.630304163492
KGF.L,728,8.349465511828058,6415.25146031746,2970.247380475873
KGF.L,729,8.174307479182833,6699.948421875,25284.646786880625
KGF.L,730,8.09181004985143,6143.4492421875,1642.6467340915624
KGF.L,731,8.280898228139238,6816.78234375,20284.418881941096
KGF.L,732,8.589309451095255,8223.468087301586,34887.51665300858
KGF.L,733,7.788755825837709,6427.0189609375,39426.57759059781
KGF.L,734,7.854436006703362,6237.414833333333,2145.4749588425398
KGF.L,735,8.224597206654,6453.31165625,3059.772587792969
KGF.L,736,7.977212738717365,6216.4524140625,42047.635334811566
KGF.L,737,7.835488372603203,6585.935412698413,1280.831609138254
KGF.L,738,8.039197047034277,6929.577265625,1752.7318706210938
KGF.L,739,8.364949044078966,7149.7734375,1983.1873646787499
KGF.L,740,8.336434715717024,6490.614921875,1747.1692369671875
KGF.L,741,8.434213771757447,7126.509234375,31514.334453394065
KGF.L,742,7.656749869424752,6216.97825,13853.30383129328
KGF.L,743,7.945990251114494,5809.335233870968,3471.383568926129
KGF.L,744,7.991143765901258,6512.801254098361,1643.4117352111475
KGF.L,745,8.326201828459222,6409.553546875,1520.7562164925
KGF.L,746,8.308107628809724,5839.467161290322,3677.303311462742
KGF.L,747,8.682864253568193,6026.440344262294,3120.4980986618034
KGF.L,748,8.173566045659948,5639.882298387097,3188.0680288174194
KGF.L,749,8.8861666029605,6246.3545564516135,1034.8801132629033
KGF.L,750,8.488147561871472,6295.2500625,2218.7322641529686
KGF.L,751,8.001962970047856,6106.68121875,6443.232911071406
KGF.L,752,8.101917690354286,6871.7568984375,2136.741625265625
KGF.L,753,8.147487953959123,6958.650951612904,1645.1223582580644
KGF.L,754,7.957878517587839,5588.3913125,37562.17712969062
KGF.L,755,7.803136665398554,6052.378023809524,3022.2411488349208
KGF.L,756,8.275159614019948,6294.120688524589,1703.7338148690164
KGF.L,757,7.9370885675088125,5822.9866640625,1754.9936809431251
KGF.L,758,8.26893126713995,5876.952293650793,1616.6337051142857
KGF.L,759,8.129719304336378,5669.405015873016,1436.7189958342856
KGF.L,760,8.223500019859495,5690.3025793650795,43713.231279876185
KGF.L,761,8.41810598524928,6487.093,1505.218355443492
KGF.L,762,8.00959943460438,6502.465261904762,1814.3134816196825
KGF.L,763,8.027063467151939,6482.497301587302,1015.9305163404763
KGF.L,764,8.452604525597907,5786.8605390625,2784.684808720156
KGF.L,765,8.074477663997577,6213.774484375,2781.415955509531
KGF.L,766,8.276606789008294,5702.9985390625,2003.6015951267188
KGF.L,767,7.943821704621125,6160.712841269841,1370.773516090476
KGF.L,768,8.305017461980356,6046.917738095238,1361.611076382222
KGF.L,769,8.249769576401256,6174.9503828125,17992.833075855935
KGF.L,770,8.387387675590801,5747.529849206349,1248.4775023126983
KGF.L,771,7.556227252688071,5626.90278125,2021.3298205285937
KGF.L,772,7.8421825022118945,5729.015476190476,2269.995532053968
KGF.L,773,7.547608804513128,5439.637515625,2603.314332575625
KGF.L,774,7.812106144720607,6463.6211796875,2616.9628632392187
KGF.L,775,8.13185809083351,6342.307814516129,4828.182357980161
KGF.L,776,8.103778442691581,6852.584590163935,961.7456450498361
KGF.L,777,8.128388051277822,7114.771290322581,1376.9301529583872
KGF.L,778,7.876230932489626,6555.741629032259,1648.4251405209677
KGF.L,779,8.092602390880122,7205.460698412699,1495.6732500428573
KGF.L,780,8.083350886992644,6117.0364609375,7669.942648750624
KGF.L,781,7.939204443750313,6534.027158730159,1689.1884191331746
KGF.L,782,8.497874393602338,6484.7769140625,2610.9497089621873
KGF.L,783,8.303680600245963,6821.352177419355,1951.5452860240323
KGF.L,784,8.345628537117605,6289.302950819671,1791.1611485193441
KGF.L,785,8.20967681723418,6873.492126984127,2026.9020687674604
KGF.L,786,8.05718179798229,6210.157920634921,2418.585146981429
KGF.L,787,8.081754980969666,5967.676103174604,6027.599798523492
KGF.L,788,7.6855962374030815,5463.066765625,1371.4419866551561
KGF.L,789,8.161946298614852,5974.7580859375,2745.711332535938
KGF.L,790,8.114333501866344,5998.992944444445,2161.2741413174604
KGF.L,791,8.185287049812748,6294.003055555556,1192.5145806109524
KGF.L,792,7.673249393937016,5992.97276984127,2915.1027408809523
KGF.L,793,7.569509937579162,6287.687158730158,2470.15594345
KGF.L,794,7.61184402901857,5746.003150793651,1431.8782940095239
KGF.L,795,7.756834437168189,6031.7973984375,1736.3092371735938
KGF.L,796,7.022636786397337,5554.781531746032,1443.8536615004762
KGF.L,797,7.62771784942712,6020.067642857143,1816.827603812857
KGF.L,798,7.66719228898181,6083.230209677419,2519.022390687742
KGF.L,799,7.881538662064196,6318.704314516129,2129.1867994709673
KGF.L,800,7.617801558366373,6043.1552109375,1994.060516923125
KGF.L,801,7.559739888721624,5851.07814516129,2447.615556122258
KGF.L,802,7.658784870467626,6282.962475409836,1319.459226907869
KGF.L,803,7.19350485820771,6285.814261904761,3990.5615674544447
KGF.L,804,7.310638508383129,5984.534870967742,4625.528867185967
KGF.L,805,7.363557171425385,6162.889265625,1421.52086751125
KGF.L,806,7.478300039450247,6679.943753968254,1556.8333227480953
KGF.L,807,8.126392313430168,6954.24540625,1862.7122434654689
KGF.L,808,7.340655027441949,6036.0631507936505,1165.5924914071427
KGF.L,809,7.838766302001224,5280.7962265625,2881.4122330604687
KGF.L,810,8.774283771999906,5902.3857734375,6546.2896848625005
KGF.L,811,8.285014142716506,5911.1012578125,3397.725300945156
KGF.L,812,7.730373462558722,5455.203328125,2522.904500530469
KGF.L,813,7.8305788654488175,6480.9727812500005,2955.1934605781253
KGF.L,814,7.930670505934373,6166.121265625,5562.0633897968755
KGF.L,815,8.317420503990856,6737.6283359375,4145.639168279844
KGF.L,816,7.792668215378735,6135.519671875,2605.5881371853125
KGF.L,817,8.073838464211747,6609.7571171875,4699.308871733125
KGF.L,818,8.10756490809575,6142.944596774194,1866.0309548880643
KGF.L,819,7.903748079249067,6206.716546875,1637.7107000809374
KGF.L,820,8.320135587151977,7906.3716953125,2123.1554235067188
KGF.L,821,8.264448511531338,6086.793328125,4960.469940549531
KGF.L,822,8.135944246616067,6209.03653125,1790.4312358923437
KGF.L,823,7.574018832257623,5422.376546875,1831.3519267101562
KGF.L,824,7.880627510933089,6088.899690476191,3622.639778236984
KGF.L,825,7.82483627128401,7147.488944444445,6919.749396253968
KGF.L,826,8.490668936026122,7926.9169375,2308.1316903489064
KGF.L,827,7.656708836962565,5555.5523046875,1257.0313616976564
KGF.L,828,7.955419539032301,6290.655515625001,3280.950861296563
KGF.L,829,8.196691081640802,6418.0435078125,3475.274497311875
KGF.L,830,7.792456599579801,7597.0099843749995,2356.543066768906
KGF.L,831,7.599123800534782,5694.78190625,3049.938702046719
KGF.L,832,8.166526941932599,5756.309078125,1860.305964024844
KGF.L,833,8.287368447633808,6421.638048387097,2872.1288195206453
KGF.L,834,7.97135522760705,6517.3262734375,2267.2969500873437
KGF.L,835,7.42333381962506,5867.771109375,5443.312379508125
KGF.L,836,7.60293570261878,5597.709603174603,2998.090660933968
KGF.L,837,7.766731202187958,5843.805515625,9161.975341995625
KGF.L,838,7.938236456224158,5893.510833333333,29343.889008118094
KGF.L,839,8.165561966215868,5801.1503125,3276.7785230125
KGF.L,840,8.289795792901947,7370.1056171875,7099.731124746719
KGF.L,841,7.866198143708942,6451.959140625,2338.14147228
KGF.L,842,7.654287038238082,7576.1138359375,1620.73566923125
KGF.L,843,7.841427375368765,7336.575293650793,2211.7210497106353
KGF.L,844,8.202021243077121,7376.5203515625,1979.0948424846874
KGF.L,845,7.963601551415146,8095.874206349206,1971.7015440349207
KGF.L,846,7.816692293122799,5820.206571428572,2394.3054111793654
KGF.L,847,7.506765295938893,5781.9563515625,51242.692048065466
KGF.L,848,8.308685904804006,6912.304709677419,2041.9427850493548
KGF.L,849,7.777452949774301,7702.58753125,1851.0327083176562
KGF.L,850,7.896614964976863,7642.748421875,2172.14769215875
KGF.L,851,7.4746645584538625,6071.85590625,3646.8554409604685
KGF.L,852,8.163574103546285,6688.47153125,3532.8862111209373
KGF.L,853,8.308698493380332,6569.58690625,3565.8108476417187
KGF.L,854,8.07594467333989,6050.857451612904,3009.2300895491935
KGF.L,855,7.579821219414218,5985.193921875,2655.6542069796874
KGF.L,856,7.819446076481316,6050.995171875,2494.976431840781
KGF.L,857,7.830984531612841,6360.181875,2380.0574611421875
KGF.L,858,7.533654973699298,5817.3921484375,3061.1525745975
KGF.L,859,7.786016491206833,6561.683953125,13738.475247821874
KGF.L,860,8.180351293811048,6379.8617460317455,4258.6298498720635
KGF.L,861,7.613128306490797,6474.588484375,6436.779798845937
KGF.L,862,7.632396842205236,6226.8146328125,4517.259745837344
KGF.L,863,7.67754235543671,6221.133671875,3236.553073515625
KGF.L,864,7.443270449001072,6035.0503359375,4785.2493926359375
KGF.L,865,7.604779309575131,5751.196841269842,3413.2869299598415
KGF.L,866,8.268329087372106,6687.8038828125,3868.199240147969
KGF.L,867,7.579134711868225,6066.74365625,3783.9923110515624
KGF.L,868,7.203262662188962,6419.796125,3820.3687780835935
KGF.L,869,7.437644709166714,6373.8948671875,3874.623864079375
KGF.L,870,7.969564075131923,6418.6240390625,23368.789273978124
KGF.L,871,7.763898328675407,6356.304078125,8078.584188980625
KGF.L,872,8.264256792246115,7296.816265625001,7967.001277872344
KGF.L,873,7.645539874912286,6868.7818671875,4559.6500333875
KGF.L,874,8.03129533033927,6580.0449609375,9473.526953076407
KGF.L,875,7.886404650250759,6747.461890625,6148.403860277969
KGF.L,876,7.747400840052608,6046.2958359375,7651.690204262344
KGF.L,877,7.876516522904138,6486.004859375,8721.410285597187
KGF.L,878,7.670933181667557,5915.8612734375,10598.245852094218
KGF.L,879,8.250904333112288,6441.985203125,4020.8192339015627
KGF.L,880,7.802857918505258,7171.5961640625,4295.913511070938
KGF.L,881,7.8841065319014385,7023.02884375,5331.783759544219
KGF.L,882,7.919159896414979,6319.559046875,4137.706651348125
KGF.L,883,7.7821023179153155,6483.26990625,3900.14164215375
KGF.L,884,7.94282216220369,6178.1624375,3930.334215541875
KGF.L,885,7.46785239886224,6027.306126984127,5405.47536683
KGF.L,886,7.6955793753034145,7300.6054140625,4696.982118495937
KGF.L,887,7.826109869224079,6758.1720859375,10389.8223937875
KGF.L,888,7.287265672176051,6504.198046875,6194.202655727656
KGF.L,889,7.104606228577824,6538.899015625,34603.58491073047
KGF.L,890,7.268111743710251,6265.4943984375,4987.813167514531
KGF.L,891,6.8202345411994,6341.79821875,5920.035670197344
KGF.L,892,6.804379697068273,6874.704734375,6158.969843890782
KGF.L,893,7.03106875645798,7010.00603125,3589.4838856507813
KGF.L,894,7.000641902117664,6500.0246484375,7758.6817281625
KGF.L,895,7.500931102694635,7729.72015625,2881.3079009484377
KGF.L,896,7.30193939598394,7717.5105703125,62578.4603465875
KGF.L,897,7.263355017883063,6665.8825,4721.35118419875
KGF.L,898,7.398376177362143,6168.0637578125,5871.142275140625
KGF.L,899,7.560547963091476,5816.0101640625,7541.185136046563
KGF.L,900,7.9663472359702086,7257.484234375,6931.744970942656
KGF.L,901,7.933204325810093,6873.6204921875,49246.91210011562
KGF.L,902,7.658111201582909,7562.280375,5108.537063515625
KGF.L,903,7.597389692691456,6660.8430546875,8260.04196869375
KGF.L,904,7.173733290291375,6768.9937578125,4585.074355361562
KGF.L,905,7.623449110161719,6643.900140625,5230.874645522344
KGF.L,906,7.373740149274894,6551.70859375,4791.43782659375
KGF.L,907,7.535166940092517,6207.49921875,5310.132483565625
KGF.L,908,7.105552014319767,6269.1915,3932.307295752031
KGF.L,909,7.609280294909551,6825.2082109375,6045.4789871073435
KGF.L,910,7.632680354502448,7298.1885703125,8353.46162431328
KGF.L,911,7.3008974221109675,6689.945874999999,4382.511811335313
KGF.L,912,7.278202172340593,7280.7399609375,5261.914759875156
KGF.L,913,7.008330507580119,6317.0288515625,2511.6076784970314
KGF.L,914,7.192526358271431,6838.9386953124995,2998.434602725
KGF.L,915,7.26838969700404,8404.007578125,7246.039032139062
KGF.L,916,7.33486261218267,7674.7735078125,4059.494328931406
KGF.L,917,7.240757654319027,6892.733640625,5790.455323992343
KGF.L,918,7.5627956870990545,8664.5834609375,3519.172574928125
KGF.L,919,7.233287339707336,8949.84640625,4045.977965135625
KGF.L,920,7.299336503662674,7269.179625,65746.10406946874
KGF.L,921,7.053841056774966,6848.5000546875,6062.94792902875
KGF.L,922,7.534679266267487,7521.874109375,7150.658028859375
KGF.L,923,7.456314472760747,7342.9878125000005,42549.46415743281
KGF.L,924,7.289820896034761,8117.126611111111,7172.448722254762
KGF.L,925,6.901325534098337,6744.2269921875,4785.053593653125
KGF.L,926,7.675080059211534,7462.4399453125,5337.414422929219
KGF.L,927,6.933601923267705,7114.4731875,3476.705746539844
KGF.L,928,7.312045307882144,7532.99559375,3626.9913132640627
KGF.L,929,7.2137627634438894,8133.0140078125005,2416.5961283201564
KGF.L,930,6.854971426947633,7486.7821953125,5674.371532929844
KGF.L,931,6.6043318135677,7508.1873671875,22405.419425605938
KGF.L,932,7.4147862917315575,8424.42926984127,4209.513865035715
KGF.L,933,7.25300334235361,7924.246125,2934.4843410515623
KGF.L,934,7.291942173541545,8227.1457265625,4553.659037060937
KGF.L,935,6.752537230183557,7794.59875,4133.737762447031
KGF.L,936,7.588422306466775,8057.8756953125,7600.984760166406
KGF.L,937,7.24598035507535,7505.810328125,5379.208776146719
KGF.L,938,7.36334411750166,8057.7805546875,7045.579426889688
KGF.L,939,6.868747609940603,7872.471078125,4200.256571746406
KGF.L,940,6.806261415434618,8241.540976562499,4694.840857685469
KGF.L,941,6.535014076728489,7694.572265625,3072.193017566719
KGF.L,942,6.910951228926872,7569.2015468750005,4322.661159285312
KGF.L,943,6.757739746978435,7229.9412578125,4205.140360194375
KGF.L,944,6.912667512316833,6709.520703125,3372.37568770125
KGF.L,945,6.4151543954216255,6653.9942734375,4137.904290487031
KGF.L,946,6.4595217242042,6968.174484375,4209.647620744219
KGF.L,947,6.951026887756799,7223.180198412698,32846.1511567727
KGF.L,948,6.849768713873775,8004.671046875,3648.3326979875
KGF.L,949,6.889664052383292,8026.161734375,5423.211848507968
KGF.L,950,7.3654387343061,8298.4044140625,5004.839286973438
KGF.L,951,6.721185741156489,7219.6056796875,4969.09413005625
KGF.L,952,7.26458769465341,8931.4221796875,5081.268211948438
KGF.L,953,6.697876556356364,7692.2304296875,7363.9126764187495
KGF.L,954,7.13588680336544,8383.707234375,4780.567579660938
KGF.L,955,6.640860570987378,8709.99240625,4454.881488854688
KGF.L,956,6.965460098866866,8615.769046875,9560.008026870624
KGF.L,957,6.689504375869282,8690.0993671875,4058.6378284673438
KGF.L,958,6.88581937289927,9089.4745390625,5175.294918795
KGF.L,959,6.759748807402986,8772.8471640625,4180.228809359687
KGF.L,960,6.6071866452831065,9697.0561875,5665.641882335937
KGF.L,961,6.695941895933545,9857.5326640625,6398.579219759063
KGF.L,962,6.869172299959087,9701.0571484375,6093.428422745156
KGF.L,963,6.092816592472654,9069.5743203125,6739.402653182187
KGF.L,964,6.477452835162187,9531.630515625,7464.058622453125
KGF.L,965,6.352843486957454,9656.824765625,52017.985442985
KGF.L,966,6.627494853999593,9990.1149765625,37212.75059084672
KGF.L,967,6.306731398240134,8611.1846328125,6253.100478018906
KGF.L,968,6.583313399003292,9174.8633359375,6279.435809859688
KGF.L,969,5.886331588601865,9335.618328125,5270.920834604532
KGF.L,970,5.889668184740597,9720.167671875,7333.489420939687
KGF.L,971,6.229387630570809,10134.9925,5929.7398346320315
KGF.L,972,6.071792614515582,9128.450953125,7274.607371704531
KGF.L,973,6.22934886239533,9532.23284375,18672.07410653906
KGF.L,974,6.472098675381196,9674.47865625,6935.22003546875
KGF.L,975,6.052615553142853,9719.1092734375,8376.386162390625
KGF.L,976,6.3213671998169545,10651.4864296875,7766.888321890625
KGF.L,977,6.4152991891955065,10246.21871875,6227.796119167812
KGF.L,978,6.263665758804868,10663.182179687501,6248.635685948438
KGF.L,979,5.907720322750283,9266.843234375,7209.297590432812
KGF.L,980,6.2809845046102035,10305.6289453125,8681.856795578125
KGF.L,981,5.997846145252917,10207.73484375,21680.123682126563
KGF.L,982,5.91938116733019,10104.2649921875,14281.167852128125
KGF.L,983,5.555433327857357,10614.8729453125,6919.578664866563
KGF.L,984,5.90768793187812,10872.4681640625,20834.193323125
KGF.L,985,5.668015011401627,11503.55565625,11011.3404803375
ULVR.L,495,3.6362173186500977,18179.3855078125,4109.316109335938
ULVR.L,496,3.659319674127814,14863.445625,4451.02098778125
ULVR.L,497,3.5635632287051004,14376.5223828125,4106.2319709734375
ULVR.L,498,3.582529896082036,16785.6948046875,3545.549088438125
ULVR.L,499,3.557026245700989,12700.3246875,3218.585332944375
ULVR.L,500,3.492443831031741,14141.2965625,2785.3223172089065
ULVR.L,501,3.387829873689943,15085.6697265625,2074.5063370129687
ULVR.L,502,3.227136329636949,15311.9919140625,3066.3528602076562
ULVR.L,503,3.332508987840158,15123.4938671875,2845.8903767589063
ULVR.L,504,2.976897655608259,12721.9621484375,4639.661671522656
ULVR.L,505,3.274014635677594,14600.2609765625,3070.9286392389063
ULVR.L,506,3.294055724480228,14803.5030859375,2580.445514140625
ULVR.L,507,3.3753496185898713,17101.7664453125,2838.841840994375
ULVR.L,508,3.2076533322950387,17759.3794921875,4773.8460151046875
ULVR.L,509,3.2841942908186206,17462.774140625,3800.5176414853127
ULVR.L,510,3.128453450663816,15177.204218750001,4372.247662359688
ULVR.L,511,3.1421240069253678,16470.5960546875,2612.390918973125
ULVR.L,512,3.0495633642958735,16175.61546875,2877.0137897226564
ULVR.L,513,3.082566202316883,17853.3251171875,2396.2294478932813
ULVR.L,514,3.0085958892955906,16367.5065234375,2171.829345467344
ULVR.L,515,2.8094693331628044,14379.699375,2523.8835063796873
ULVR.L,516,2.992852928498662,15099.0278515625,1995.1006566915626
ULVR.L,517,3.058002855412181,16534.3293359375,3116.0774555659373
ULVR.L,518,3.0309382820858617,18172.647890625,2365.8252171446875
ULVR.L,519,2.97541747732505,17804.144140625,2284.4276151784375
ULVR.L,520,2.9431273534968057,15869.3132421875,2125.8467275696876
ULVR.L,521,2.8885498416449136,14479.056484375,2360.652722603906
ULVR.L,522,2.8137882758083097,18014.0771875,3649.143059517656
ULVR.L,523,3.040253253249505,21798.7149609375,2308.478045146406
ULVR.L,524,2.930602082630704,19510.8482421875,2320.2112267232815
ULVR.L,525,2.8453712588565754,17319.698007812498,2396.5489476746875
ULVR.L,526,2.838951270927098,17053.249140625,2216.442995523906
ULVR.L,527,2.8584459248765106,18797.1666796875,2212.06085741875
ULVR.L,528,2.9095008766162724,18157.2038671875,2935.5118661776564
ULVR.L,529,2.7109258690620295,18490.7796484375,2823.4025589114062
ULVR.L,530,2.8128400779803275,17364.9155859375,2670.389514738906
ULVR.L,531,2.8473068877329117,18573.0832421875,2098.4968959067187
ULVR.L,532,2.869660791810987,18024.28671875,1689.50339361125
ULVR.L,533,2.793823421199062,20075.6449609375,1912.6681513959375
ULVR.L,534,2.749455866729248,17223.835859374998,1970.5181086235937
ULVR.L,535,2.833227371211512,17864.645,1576.3281779842189
ULVR.L,536,2.8481254829776104,18751.013671875,2470.060067124844
ULVR.L,537,2.7198055534765526,17782.3687109375,1894.7174498060938
ULVR.L,538,2.718561934159949,18302.440546875,1343.599177676875
ULVR.L,539,2.9117301498171524,21252.003515624998,1688.0886053942188
ULVR.L,540,2.931064271371463,20268.4083203125,3879.7479297771874
ULVR.L,541,2.8011311604386337,18535.1637890625,3021.0089186470314
ULVR.L,542,2.828617210906237,18711.5064453125,1984.6719444520313
ULVR.L,543,2.821789478542259,21498.123046875,2144.603619041406
ULVR.L,544,2.721394472898249,18130.940703125,3532.6492868734376
ULVR.L,545,2.7594620916312342,18523.890234375,3385.2573226440622
ULVR.L,546,2.975124549390807,24165.9648046875,2697.9159831723437
ULVR.L,547,2.660404350832095,19581.1029296875,1799.8977751707812
ULVR.L,548,2.7178782545039817,22271.879921875,2184.702855138594
ULVR.L,549,2.7514409256434194,22513.9798046875,1939.2153667289062
ULVR.L,550,2.799120556316081,22363.0272265625,1583.8162580840624
ULVR.L,551,2.736367261321124,20945.2815625,2096.742237541406
ULVR.L,552,2.6297047965249942,18379.2448046875,1811.68315057375
ULVR.L,553,2.716254790936268,22025.20734375,1595.54902647375
ULVR.L,554,2.7282355341762417,21036.8661328125,2158.193076326094
ULVR.L,555,2.8740891585651354,24488.643164062498,4192.775062214375
ULVR.L,556,2.6904576716476516,21809.7887109375,2481.5234552389065
ULVR.L,557,2.8007937724922365,25083.7439453125,2103.110444078125
ULVR.L,558,2.749860571506803,21264.36046875,2465.730568515781
ULVR.L,559,2.566321367064597,19608.8629296875,4405.475658549375
ULVR.L,560,2.8075436496315374,24054.741875,1595.9011080042187
ULVR.L,561,2.6813515611256244,20006.52890625,1865.9355384946875
ULVR.L,562,2.672997145196688,22989.35265625,1355.6387182639062
ULVR.L,563,2.764466698761097,22452.27609375,1518.920641084375
ULVR.L,564,2.761826342363337,23273.455,1148.6300418585938
ULVR.L,565,2.710854196146231,21285.744375,1959.1680175434376
ULVR.L,566,2.8502805591308507,23735.9153125,1787.0371651173439
ULVR.L,567,2.6698243897595413,19948.5498828125,2696.0513835039064
ULVR.L,568,2.7279145681443886,23584.9683203125,1390.1682943409376
ULVR.L,569,2.665484010618236,22007.091484375,2086.7025928251564
ULVR.L,570,2.696059691350155,20905.855859375,2967.482753491875
ULVR.L,571,2.7564316859840696,20428.6755078125,2406.020697636406
ULVR.L,572,2.695306510918903,19948.1448046875,1690.807041960625
ULVR.L,573,2.64622213893876,21837.538164062502,1699.390813349375
ULVR.L,574,2.716871654485988,23916.9742578125,1575.9414541892188
ULVR.L,575,2.6854546222456994,21610.0122265625,1595.635087335
ULVR.L,576,2.7962935189170057,21978.6487109375,1727.201229393125
ULVR.L,577,2.723640426813052,24415.766796875,2093.3846444498436
ULVR.L,578,2.8239799281771263,27237.9544921875,1856.0266667429687
ULVR.L,579,2.6334006907615057,23377.167890625,1803.263039096875
ULVR.L,580,2.6974674510960837,21993.0165234375,2274.1272890307814
ULVR.L,581,2.803966513328742,22990.3806640625,1737.4228424534376
ULVR.L,582,2.7134756882132196,20045.1835546875,1606.9135720625
ULVR.L,583,2.593731103714179,21747.910234375,3322.1332772776564
ULVR.L,584,2.7897803158905305,23273.7496484375,1555.2364094801562
ULVR.L,585,2.769788864239083,24675.988671875,1809.8929237884374
ULVR.L,586,2.7188590875203236,20568.4787890625,3861.076335380781
ULVR.L,587,2.7102933118011445,27246.982265625,1913.7305150757813
ULVR.L,588,2.6950294439176528,23787.9419921875,1777.1521809698438
ULVR.L,589,2.589240755211466,21574.0267578125,2037.9050737189064
ULVR.L,590,2.5831912686874543,23957.8665625,2202.46044550625
ULVR.L,591,2.6140645445598465,22148.1855859375,1354.2165011970312
ULVR.L,592,2.71154795847562,25635.0557421875,1839.6184699110938
ULVR.L,593,2.6072521027559707,21813.6156640625,1465.3788419945313
ULVR.L,594,2.7277715657511172,26728.963671875,2291.4279987101563
ULVR.L,595,2.685251853890629,24477.45921875,1627.4021787742188
ULVR.L,596,2.670305070221688,24354.7186328125,1482.8053916396875
ULVR.L,597,2.643479686019112,21852.235234375,14964.111564211405
ULVR.L,598,2.569217875251766,21711.7721875,1338.3327990123437
ULVR.L,599,2.7243775659441845,23181.88328125,1570.842041586875
ULVR.L,600,2.5615402777905643,18438.9784765625,2558.209720431719
ULVR.L,601,2.712354669022208,19687.6640234375,1769.1464685279686
ULVR.L,602,2.66611385693478,21489.53375,1536.6764650626562
ULVR.L,603,2.578804075081943,21191.738671875,1699.9541353340626
ULVR.L,604,2.718623332695042,21383.2173828125,1625.8831704370311
ULVR.L,605,2.6395505541355044,21004.43078125,2029.0194900209376
ULVR.L,606,2.578290480307603,20675.1661328125,1581.4205274223439
ULVR.L,607,2.4245694222654786,20715.1696484375,1380.6753251653124
ULVR.L,608,2.343324983152529,18419.8718359375,2198.938941386719
ULVR.L,609,2.3952375092821763,20239.4857421875,1608.3989589585938
ULVR.L,610,2.65261110450093,20895.531762295082,1675.6831629067212
ULVR.L,611,2.587045524583014,20632.762827868853,2190.049286702131
ULVR.L,612,2.5373483923322735,20633.82418032787,2972.450696529344
ULVR.L,613,2.425769483564406,19785.761721311475,3005.0273121260657
ULVR.L,614,2.4611502740015045,22283.772909836065,1659.5295140767214
ULVR.L,615,2.6331702830122174,24167.8128515625,33070.1417660125
ULVR.L,616,2.5570154775747125,20762.6013671875,2087.970209040156
ULVR.L,617,2.5107164954130963,20792.6168359375,1652.558916559375
ULVR.L,618,2.444866502270839,21317.011484375,1587.9135800607812
ULVR.L,619,2.3788766646688426,19630.3025,1770.5965513495314
ULVR.L,620,2.5030222941840483,24548.7603125,14501.522669696249
ULVR.L,621,2.49100791189198,24571.829375,1922.4414191073438
ULVR.L,622,2.4677888648447333,23277.386796875002,2182.883844460156
ULVR.L,623,2.4403048667262293,22134.59296875,3861.2679434109377
ULVR.L,624,2.463832389351892,21691.16359375,1803.9198683754687
ULVR.L,625,2.4791134060855238,23098.75953125,1581.5876908489063
ULVR.L,626,2.486392967358761,22331.864375,1823.3524112490625
ULVR.L,627,2.565219942219352,23172.0871875,1285.8550231471875
ULVR.L,628,2.5706337474923573,22321.779765625,2541.0301505193747
ULVR.L,629,2.423023012835809,22114.633984375,1475.1076769992187
ULVR.L,630,2.5232460531978345,22992.0055859375,1983.1774613210937
ULVR.L,631,2.610445381322848,22973.7500390625,1874.1700518726561
ULVR.L,632,2.6599073245689664,28112.8068359375,1107.1406602448437
ULVR.L,633,2.53206501743092,24807.97109375,2276.1849286220313
ULVR.L,634,2.554470242053347,22913.5481640625,1815.027057483125
ULVR.L,635,2.476875971784195,22661.2440625,1045.38353670375
ULVR.L,636,2.4397008280897334,22444.2224609375,1994.9345016084376
ULVR.L,637,2.4569101455206406,21577.19984375,8044.184016390157
ULVR.L,638,2.562667123445816,22376.989765625,2750.709950102969
ULVR.L,639,2.611574533840654,27311.4128125,2478.2003294709375
ULVR.L,640,2.5382631064482117,22996.7404296875,1749.9290079628126
ULVR.L,641,2.4762499476017794,25656.2801171875,2129.017317818906
ULVR.L,642,2.4214946924393077,24038.986484375,1529.4385923934376
ULVR.L,643,2.584655606293789,26262.5628125,22240.67807154375
ULVR.L,644,2.524580708130253,28161.3187890625,2700.023591746875
ULVR.L,645,2.3873183714709145,26352.9136328125,1698.0197747996874
ULVR.L,646,2.438802149053601,25077.572695312498,1941.4998052182814
ULVR.L,647,2.4211519407839215,22168.60171875,1327.6112715110937
ULVR.L,648,2.4876527909774087,23571.3258984375,1799.14842693125
ULVR.L,649,2.5496714281964854,25937.53609375,1449.9696454275
ULVR.L,650,2.470324374120738,24112.62421875,2194.6223779896873
ULVR.L,651,2.4104655076957027,22979.2456640625,2377.12038938375
ULVR.L,652,2.6017443003386136,23850.9557421875,1688.5795825334376
ULVR.L,653,2.6612675494354576,28018.23171875,2144.35115818875
ULVR.L,654,2.390314725486083,26093.33578125,2169.4760167290624
ULVR.L,655,2.414815387040185,23820.154453125,3359.6369919340623
ULVR.L,656,2.4277252776620983,25244.8582421875,2340.9270552679686
ULVR.L,657,2.3946195910709873,23921.2193359375,1725.1772828459375
ULVR.L,658,2.348754810568467,22937.783203125,2173.3768993301564
ULVR.L,659,2.5616872240955177,29078.3873828125,2434.0188532015627
ULVR.L,660,2.527547753557186,26448.2934765625,2516.5168084239062
ULVR.L,661,2.4890792439611675,25505.2046484375,5974.159690643438
ULVR.L,662,2.6809858069369494,28238.7738671875,1800.763513919375
ULVR.L,663,2.4185261438926484,25025.8108203125,1343.3375031679686
ULVR.L,664,2.513122036338318,27129.6022265625,2828.4518315654686
ULVR.L,665,2.6968717738193524,26608.0033203125,3922.4676706071878
ULVR.L,666,2.520969951561891,25150.56234375,2779.8541202982815
ULVR.L,667,2.5771279591913685,30379.061875,3265.6813485128127
ULVR.L,668,2.663106522903368,28497.675703125,36167.01832622469
ULVR.L,669,2.5455294411377967,26410.21484375,2327.214220533125
ULVR.L,670,2.606362559399184,26446.7965625,1434.8922166998436
ULVR.L,671,2.581599097520763,24808.7637109375,20867.060093605156
ULVR.L,672,2.5966354333814143,26297.7532421875,1684.6703642923437
ULVR.L,673,2.486578344006327,26008.0765625,1835.8423261921876
ULVR.L,674,2.630230176608542,28962.3465234375,1514.3644867082812
ULVR.L,675,2.665331699908686,25861.348203125,77035.67969549548
ULVR.L,676,2.4472968663998063,23534.18203125,1576.6683493973437
ULVR.L,677,2.367402802858555,24085.670859375,1766.0916634073437
ULVR.L,678,2.6348087220003915,27288.2434765625,2640.26742070125
ULVR.L,679,2.720078438655242,29785.0926953125,1318.0259191525
ULVR.L,680,2.5588698405414325,24127.791796875,2113.2736838709375
ULVR.L,681,2.5549584787554465,24976.0040234375,1682.5129418135937
ULVR.L,682,2.5484500895797715,26850.24328125,1799.576038998125
ULVR.L,683,2.505144261390483,23234.5605859375,9961.907036353907
ULVR.L,684,2.420323906981337,27383.3233984375,1391.6230954571874
ULVR.L,685,2.5500534361578255,26143.330078125,1760.390260044844
ULVR.L,686,2.598815202605961,26219.8149609375,2073.9368239704686
ULVR.L,687,2.5056083800512425,26437.038828124998,1623.5778963673438
ULVR.L,688,2.5074539999247123,23981.718671875,1543.0270576514063
ULVR.L,689,2.6999970953983476,26691.6151953125,4303.725942633594
ULVR.L,690,2.5569515629711774,24150.7041015625,1346.4624638295313
ULVR.L,691,2.4231500235490877,24030.27671875,1836.9705305423438
ULVR.L,692,2.597873443187401,25331.99625,1026.6805899140625
ULVR.L,693,2.453954158026283,22755.114375,1333.2847009767188
ULVR.L,694,2.4252449584635154,28306.1795703125,9735.408949944844
ULVR.L,695,2.324930248186521,25859.31546875,1982.6104539873438
ULVR.L,696,2.3085834842669724,20243.4454296875,4808.213955841094
ULVR.L,697,2.4936901720834497,23731.505859375,2105.8973718689062
ULVR.L,698,2.4823226950521766,22311.9399609375,3374.3978999029687
ULVR.L,699,2.55087045091839,25174.2300390625,1211.6430916109375
ULVR.L,700,2.5682196600948326,24848.856796875,1076.357100311875
ULVR.L,701,2.5375991589999662,23191.5526171875,1331.954189175625
ULVR.L,702,2.4521523683593203,21815.8754296875,1121.8079735210938
ULVR.L,703,2.473314702232046,26246.0326171875,5363.840713095
ULVR.L,704,2.578845882442175,23912.2215234375,5485.269998912499
ULVR.L,705,2.4858905098164303,23189.3319921875,1475.8063467971874
ULVR.L,706,2.5688302202200965,23874.2737890625,1619.0135153182812
ULVR.L,707,2.4188227281191446,24792.5689453125,31708.179707127812
ULVR.L,708,2.5548210899275086,25835.8828515625,19077.366967406877
ULVR.L,709,2.4477348980701006,24052.844765625,1108.3978555489064
ULVR.L,710,2.428520718164464,21055.36921875,1911.1428389553125
ULVR.L,711,2.2598407967878322,24709.2121875,2120.2191020420314
ULVR.L,712,2.545183018813773,28368.52765625,1571.8027295323436
ULVR.L,713,2.519191110673454,22211.62,1921.3809300942187
ULVR.L,714,2.5580094727954257,23153.2665625,2350.8095879948437
ULVR.L,715,2.5819847733029015,23869.53359375,1821.730189248125
ULVR.L,716,2.622303002942903,24967.35,1899.3816967689063
ULVR.L,717,2.368020636718904,20776.329453125,20484.94502189797
ULVR.L,718,2.520673787730171,22665.9769140625,1759.86468281125
ULVR.L,719,2.5299009315384264,23103.28578125,2041.8415565853124
ULVR.L,720,2.4540781000854666,22032.6169921875,5821.631188188438
ULVR.L,721,2.4920371514503934,20880.58671875,3609.630763712656
ULVR.L,722,2.460170847741656,23107.1991796875,4213.045612788281
ULVR.L,723,2.4706358145103495,21023.3643359375,10030.893489543281
ULVR.L,724,2.538104788640581,22793.94328125,1940.3948318371874
ULVR.L,725,2.5334915088659797,24525.56359375,2597.656919386406
ULVR.L,726,2.5284950479695123,23887.253359375,2500.2372204490625
ULVR.L,727,2.494185466326859,23839.2099609375,1440.3363321671875
ULVR.L,728,2.4137797969956747,27721.038007812498,1785.05430047
ULVR.L,729,2.3761032344913446,23952.5862890625,34195.0419404475
ULVR.L,730,2.3274673270653614,23343.034296875,2054.20179871375
ULVR.L,731,2.5572743520091357,26175.7168359375,14820.516950248126
ULVR.L,732,2.538819342964518,25453.457421875,1643.8205326165626
ULVR.L,733,2.441635433213074,24493.96859375,1907.076869024219
ULVR.L,734,2.5215422538444168,25958.4566796875,2421.256357015625
ULVR.L,735,2.5289083047459275,27000.7823046875,1585.4602724048439
ULVR.L,736,2.594672396111086,28026.6983984375,1897.4407344615624
ULVR.L,737,2.428458548734059,25330.210195312502,2538.861740102344
ULVR.L,738,2.504054114276427,26469.149453125,1827.1640395614063
ULVR.L,739,2.5654099579463696,27467.5251953125,1741.9595365367188
ULVR.L,740,2.39932695146019,21738.226328125,2434.555242718594
ULVR.L,741,2.3696072823615335,27200.5456640625,3901.312641554375
ULVR.L,742,2.4021793907310127,27449.1466796875,1951.253187085
ULVR.L,743,2.647740542639,30399.6969921875,3066.5866220226562
ULVR.L,744,2.4526833432916404,27273.049375,2631.688149221875
ULVR.L,745,2.3864702294094524,24996.4038671875,1973.515856889375
ULVR.L,746,2.482505482726059,29385.36265625,2759.4063437465625
ULVR.L,747,2.613399665190257,30516.684921875,1773.7650082004686
ULVR.L,748,2.668803629907482,28025.420390625,1923.9499970746874
ULVR.L,749,2.6152113833944566,29652.7223828125,1739.2058579239063
ULVR.L,750,2.4709918055654136,23553.4017578125,1931.4164865796874
ULVR.L,751,2.544560073036882,27546.30734375,2301.9113922807815
ULVR.L,752,2.583960249713947,32437.9536328125,1554.753362708125
ULVR.L,753,2.5009761071201684,32022.151914062502,1679.916534564375
ULVR.L,754,2.5683175292543137,34164.2129296875,2032.7961990365625
ULVR.L,755,2.4949181763256982,32420.24375,2275.685566541719
ULVR.L,756,2.409045345856603,30611.0166015625,1560.0545033320313
ULVR.L,757,2.443568580176591,28579.9622265625,1915.263972430625
ULVR.L,758,2.4727208044643754,33996.062890625,1478.1802351940626
ULVR.L,759,2.425438985557244,26596.1476171875,1712.368041638125
ULVR.L,760,2.4700801754137736,27598.549453125,1705.7744662265625
ULVR.L,761,2.504604092682544,26033.4377734375,2184.3458410298435
ULVR.L,762,2.4654261676893228,23246.868203125,1450.1250556068749
ULVR.L,763,2.432242825697128,24368.8526171875,14068.12151849297
ULVR.L,764,2.4029239865103555,23508.2421484375,2286.76973771625
ULVR.L,765,2.4583846992253697,28150.1656640625,1976.2279945596874
ULVR.L,766,2.3410755789175854,20584.7801171875,2204.9062374264063
ULVR.L,767,2.4321879641649145,28637.1632421875,1202.9189568428126
ULVR.L,768,2.2838162536694497,25498.9082421875,2100.8785635834374
ULVR.L,769,2.4836866173714465,28097.928515625,1864.5326656926563
ULVR.L,770,2.4793489060930924,23959.5242578125,2546.7009383378127
ULVR.L,771,2.430719428844961,25853.193515625,1775.1596043170312
ULVR.L,772,2.444585652939482,24923.873203125,2481.5241541232813
ULVR.L,773,2.462573053306759,25311.5569921875,2225.438728441719
ULVR.L,774,2.5064992813275047,25056.4612890625,1975.0179564548437
ULVR.L,775,2.4131663195440214,22515.859921875,1377.5497730717188
ULVR.L,776,2.4699424673705113,26295.23984375,2173.2361906003125
ULVR.L,777,2.5566782650523536,28911.05953125,2672.7995675539064
ULVR.L,778,2.539704089619233,26196.03671875,1945.7796266373439
ULVR.L,779,2.520246568601298,25673.65890625,2286.4853556804687
ULVR.L,780,2.3896823209089115,24276.31671875,2148.289303571875
ULVR.L,781,2.4841920507141513,25999.13046875,2125.1677633921877
ULVR.L,782,2.3889815136528973,24006.838632812498,15446.313919488439
ULVR.L,783,2.372243123743492,24730.375546875,1636.6181294251562
ULVR.L,784,2.331082123007528,26186.287109375,2312.373478898281
ULVR.L,785,2.4989760863074375,27334.968203125,2249.430349030625
ULVR.L,786,2.5509590681801977,23780.0985546875,32188.881808125625
ULVR.L,787,2.4638171898982266,25812.3374609375,15213.628353249063
ULVR.L,788,2.3792661283772794,24821.896796875,3151.486695122031
ULVR.L,789,2.366162287137292,25164.525859375,11187.074443351406
ULVR.L,790,2.4790876894684812,29753.0163671875,2699.63675961125
ULVR.L,791,2.5395072827442875,29347.4071875,1939.8031301598437
ULVR.L,792,2.544421279874349,28994.9669140625,1647.04489383
ULVR.L,793,2.4763145135885893,24705.9630078125,1950.4703095626562
ULVR.L,794,2.421132072716222,24438.633671875,4738.6850307079685
ULVR.L,795,2.3201907198339065,23707.999921875,1376.1885869084374
ULVR.L,796,2.5065537182707285,28393.555859375,3380.1649261864063
ULVR.L,797,2.3113614855015556,20127.1603125,1388.5380567492186
ULVR.L,798,2.371760798920416,28396.62046875,1722.3526132270313
ULVR.L,799,2.3445204977483325,27604.0822265625,12182.169645404532
ULVR.L,800,2.437364962557363,30537.8333203125,3195.4739946789064
ULVR.L,801,2.443925196671018,30708.85171875,2487.9976049206252
ULVR.L,802,2.357101275298651,27843.2248046875,2714.8736274175
ULVR.L,803,2.2516798292694817,26504.4653125,2881.9313498764063
ULVR.L,804,2.444022425288644,25860.1216796875,3548.1412516132814
ULVR.L,805,2.4795986404014267,26220.959609375,4179.944566462031
ULVR.L,806,2.483058795871143,24532.2785546875,2579.3111622876563
ULVR.L,807,2.359967280421916,22432.778515625,2311.7596921073437
ULVR.L,808,2.671515036135322,24458.871875,1965.8895426214062
ULVR.L,809,2.722362158201526,18327.2682421875,5130.764679410938
ULVR.L,810,2.6386613414426305,20050.2843359375,9627.413621670938
ULVR.L,811,2.7827296496347054,24916.812578125002,4615.4792451492185
ULVR.L,812,2.5456416579007013,25131.2305078125,3387.590730916875
ULVR.L,813,2.48161517728971,24982.0797265625,5777.0783896675
ULVR.L,814,2.5364207023581065,21307.8667578125,2792.9533413904687
ULVR.L,815,2.4615880297286408,23842.779296875,2543.7418021373437
ULVR.L,816,2.425621564965554,27265.8548828125,3415.5717188665626
ULVR.L,817,2.581079816454978,26060.0497265625,3405.5807384676564
ULVR.L,818,2.5882693877047607,27874.284921875,2814.6982583823437
ULVR.L,819,2.4832645756208085,25051.780078125,2570.82738937625
ULVR.L,820,2.46284379351379,26038.255273437502,31520.960293081094
ULVR.L,821,2.516414092312873,26689.608515625,4051.5942116992187
ULVR.L,822,2.70884307000624,33154.9218359375,3901.790632445625
ULVR.L,823,2.373835256762917,27279.0772265625,4058.180338376875
ULVR.L,824,2.219615722300038,23421.18875,4704.708856727188
ULVR.L,825,2.4995877547188927,25182.6074609375,6301.9499526254685
ULVR.L,826,2.488142212008125,26908.948984375,4889.75848994125
ULVR.L,827,2.4432950669357294,30428.39,22173.643280028595
ULVR.L,828,2.280085535097499,23204.345624999998,4813.239900378594
ULVR.L,829,2.466437708978094,28081.213359375,3707.0251265596876
ULVR.L,830,2.408620904811856,27988.1123828125,20204.41966908828
ULVR.L,831,2.384288223472938,25468.4884375,11163.603870335313
ULVR.L,832,2.3252093932645375,24980.9383203125,38656.45907724765
ULVR.L,833,2.308476998372877,24501.1424609375,3548.75509077875
ULVR.L,834,2.5679642578494533,32606.5142578125,3792.9804481421875
ULVR.L,835,2.2848316924977463,25195.9228125,4123.358503515938
ULVR.L,836,2.400658594651707,26742.40953125,3419.0919982154687
ULVR.L,837,2.4195705574611757,29929.792890624998,3367.4424252814065
ULVR.L,838,2.4924337504404943,31269.5587109375,3831.200292999844
ULVR.L,839,2.401446145614683,25616.875546875,13836.395823066874
ULVR.L,840,2.4676136771567085,28237.677109375,5087.916175970938
ULVR.L,841,2.3499008592635158,31243.092421875,7184.234856076562
ULVR.L,842,2.3979565628858888,30322.5299609375,6016.0624651379685
ULVR.L,843,2.3018213775804823,28326.5425390625,4569.119325364062
ULVR.L,844,2.320305887252067,25290.079999999998,4049.5920303185935
ULVR.L,845,2.5205258812623534,30851.0908984375,14659.062836180627
ULVR.L,846,2.5886018086958273,32850.2137890625,4784.672978022031
ULVR.L,847,2.272017696746379,24787.0721484375,4173.280547379062
ULVR.L,848,2.5092407071186424,30957.5046484375,4400.881290714531
ULVR.L,849,2.4679956528135025,26468.301171875,3560.8719973529687
ULVR.L,850,2.3695397929413535,26363.836484375,13058.476073094844
ULVR.L,851,2.54780389786789,29849.690625,2823.8772387095314
ULVR.L,852,2.502332331422802,29447.7431640625,19452.247722213124
ULVR.L,853,2.4398325959826606,29998.107109375,3681.7576515470314
ULVR.L,854,2.445066800018176,29430.4045703125,3190.517536420781
ULVR.L,855,2.33541878964777,26362.2301171875,4359.62640935375
ULVR.L,856,2.517650870423426,28094.851640625,2924.6916639834376
ULVR.L,857,2.3724369004477324,27920.1211328125,3500.236131638125
ULVR.L,858,2.455178037994234,30162.3934375,5025.139785287813
ULVR.L,859,2.6252770622663357,30863.7487890625,3610.887294130625
ULVR.L,860,2.506713767792702,31485.439921875,3541.146158416875
ULVR.L,861,2.38534130354391,28760.6016796875,5125.002656701563
ULVR.L,862,2.2376510071028646,25187.740703125,3100.8553814946877
ULVR.L,863,2.3784611447869177,27927.8559375,2815.0431999967186
ULVR.L,864,2.4235404847589037,30627.18359375,84385.25425655281
ULVR.L,865,2.619342932836138,28932.720546875,6128.430829577188
ULVR.L,866,2.572959055933959,25818.27265625,6146.438642305781
ULVR.L,867,2.55796989828246,26852.88578125,5090.659379351094
ULVR.L,868,2.370061879912297,25714.1612890625,5129.260912646406
ULVR.L,869,2.604445505183895,24817.5615234375,7158.735321896875
ULVR.L,870,2.4785370244500884,22124.117734375,19540.634945296875
ULVR.L,871,2.7101180986596813,23903.810703125,14097.7373371125
ULVR.L,872,2.376771675409947,21629.0267578125,11671.289193820312
ULVR.L,873,2.78466043312618,27085.8641015625,11328.78646256875
ULVR.L,874,2.5069067742839426,24173.654453125,8745.844013546875
ULVR.L,875,2.5590534390088076,26611.825234375,16504.03768841719
ULVR.L,876,2.660058315073789,26445.6448828125,9023.154547876562
ULVR.L,877,2.6001645395991044,27341.5751171875,7714.635762367187
ULVR.L,878,2.5875504883151508,25955.7044140625,6740.232360535
ULVR.L,879,2.5610950856579033,28351.902734375,10164.441091556251
ULVR.L,880,2.4167703176271877,27668.4802734375,10209.277387326563
ULVR.L,881,2.6549217385651334,34847.01578125,7630.73686575
ULVR.L,882,2.5113520756605765,28408.1087109375,6748.80391964375
ULVR.L,883,2.5355293743070884,29332.70171875,9583.593865703126
ULVR.L,884,2.460710295202812,28779.0305078125,9505.97630779203
ULVR.L,885,2.6631719303963193,32437.9016015625,8360.53755823125
ULVR.L,886,2.6208621304427293,28950.33203125,8022.931356349844
ULVR.L,887,2.5215247781028416,29426.37453125,10195.922366257813
ULVR.L,888,2.4166535410767556,30690.45171875,7096.523592557813
ULVR.L,889,2.401394528065058,28749.0933984375,6136.241338530937
ULVR.L,890,2.5205783175311463,36121.3094140625,8060.409374022031
ULVR.L,891,2.3906190612998963,32646.225,6977.675299732812
ULVR.L,892,2.3306234420374152,30195.061328125,6710.642299835625
ULVR.L,893,2.4085144425060783,33615.35171875,6866.299923457813
ULVR.L,894,2.3720580986818782,34971.194609375,5128.242978614688
ULVR.L,895,2.2682076427289974,31481.47859375,6402.69151140625
ULVR.L,896,2.3414978056512887,37872.8669140625,5680.071957475
ULVR.L,897,2.486896411409448,30383.235859375,5836.735422371875
ULVR.L,898,2.283368777266845,26873.5065234375,26371.03459829219
ULVR.L,899,2.5918826393514434,30537.3551171875,7277.645372873438
ULVR.L,900,2.5092329651190877,31220.837578125,7073.21660384375
ULVR.L,901,2.51043483786909,31477.53484375,9647.093549693749
ULVR.L,902,2.3621188818150505,34426.2830859375,7640.169992803125
ULVR.L,903,2.269664108635297,32764.14734375,7945.307395087188
ULVR.L,904,2.2839558360859673,33753.7308984375,8097.277329832812
ULVR.L,905,2.2471383922662045,34504.7516796875,7572.257408209375
ULVR.L,906,2.3089470632481133,35106.0656640625,6516.133810173125
ULVR.L,907,2.2413305596072024,31451.9813671875,7930.180859545312
ULVR.L,908,2.2048980117200108,31029.02828125,6987.652705845312
ULVR.L,909,2.3985152278203667,39652.0221484375,6659.385325288594
ULVR.L,910,2.2515949572658878,33426.0487109375,7577.246512275
ULVR.L,911,2.3334264070263635,37176.9405078125,8606.295015090469
ULVR.L,912,2.281622416255843,41004.53203125,5773.92986102
ULVR.L,913,2.2123225301880924,34769.62484375,7010.269949446874
ULVR.L,914,2.257939125102852,34614.26890625,5555.538332563594
ULVR.L,915,2.2552256950824603,33807.63140625,7666.052033759375
ULVR.L,916,2.25222042290514,36793.3015625,6871.083062098438
ULVR.L,917,2.096201731637361,36104.0605078125,6529.929873382813
ULVR.L,918,2.2111488363119216,34383.800859375,11686.027256128125
ULVR.L,919,2.0464977624948704,32054.903085937498,8182.2670364000005
ULVR.L,920,2.3975018740032095,40507.70359375,10134.443800789844
ULVR.L,921,2.203601430538151,36562.25828125,6290.8326923
ULVR.L,922,2.307776486546954,42250.536289062504,6634.3029898817185
ULVR.L,923,2.16468147523032,36807.292265625,11271.2395224375
ULVR.L,924,2.250191368567672,41229.5046875,7945.801297058281
ULVR.L,925,2.148516451742334,37223.9201171875,14787.800454165625
ULVR.L,926,2.2881182015055472,42898.511875,10745.1983543
ULVR.L,927,2.111385654865481,43511.5446484375,7237.6559549734375
ULVR.L,928,2.0989646232512653,36597.0401171875,6336.260872048438
ULVR.L,929,1.9698952055042918,33505.88875,5334.250499692187
ULVR.L,930,2.107686017556511,36128.999453125,5887.495430891407
ULVR.L,931,2.193613166144202,36024.494765625,5837.151056077031
ULVR.L,932,1.983230978166031,32485.658515625,5971.117224004687
ULVR.L,933,2.160364745639611,38806.1717578125,8568.763392392188
ULVR.L,934,2.1690993366764273,44868.4506640625,6519.01177844375
ULVR.L,935,2.1255058671427816,36316.7330078125,10210.341268773438
ULVR.L,936,2.0293239521940003,39501.9625390625,8178.796238734375
ULVR.L,937,2.273823140794598,45248.8216796875,13081.247430267187
ULVR.L,938,2.032330359590246,37667.478984375004,7573.454293704687
ULVR.L,939,2.139703355561491,41200.4512890625,10351.644781359375
ULVR.L,940,2.1353698261808973,40046.43265625,9273.650735882657
ULVR.L,941,2.0350222003679503,38286.1073046875,7885.475450835937
ULVR.L,942,2.1226440740990657,39428.5623046875,10067.531012707812
ULVR.L,943,2.135012798084522,41153.6379296875,9865.584861667186
ULVR.L,944,1.9506899891873324,34475.7543359375,13723.832459546718
ULVR.L,945,2.1148992038820316,38532.7322265625,10889.423578848437
ULVR.L,946,2.1582584990325944,37158.783515625,10272.394188517344
ULVR.L,947,1.903418490442333,36093.63453125,7428.535305867032
ULVR.L,948,1.9582614729553822,37850.359531250004,7251.852347375
ULVR.L,949,2.0975243226867772,38742.2441796875,8307.65831906875
ULVR.L,950,2.257871394380439,47258.3280078125,14857.23957644375
ULVR.L,951,2.1368178408094813,40698.81171875,8831.056741192187
ULVR.L,952,2.1794905569301135,43871.7877734375,11999.484770696874
ULVR.L,953,2.082958164629909,41043.118828125,8991.739430066562
ULVR.L,954,2.100368479383527,43199.656484375,25437.610269606248
ULVR.L,955,2.174234183364915,45903.7391796875,10268.640309357812
ULVR.L,956,2.1759597887209043,54373.0775390625,8016.1700997265625
ULVR.L,957,2.212789948336905,48222.0394140625,7194.566981340625
ULVR.L,958,2.002060421077197,43522.8321875,8062.355831657813
ULVR.L,959,2.0253338964130188,42461.4394921875,6908.140958406094
ULVR.L,960,2.0223879455541955,44225.6731640625,9080.312660795313
ULVR.L,961,2.045129739155172,45199.4971484375,12764.457721715626
ULVR.L,962,2.040312646908621,50948.2555859375,9134.593244403124
ULVR.L,963,2.0206654474041175,46564.0919921875,7329.505738198437
ULVR.L,964,2.225424542743587,48575.0557421875,7742.779734884688
ULVR.L,965,2.0557841510761623,48879.1909765625,6895.4780548687495
ULVR.L,966,1.9991486091182815,43589.240703125,9847.219889578126
ULVR.L,967,2.131344931149338,50722.6404296875,7987.5225836875
ULVR.L,968,2.139773614275142,49042.773945312496,14818.942208325001
ULVR.L,969,2.0240640355761057,45777.0833984375,8883.52872669375
ULVR.L,970,1.932658199327722,42978.061328125,7884.610282498437
ULVR.L,971,2.0411966511791744,48622.7628515625,9193.812216739063
ULVR.L,972,2.089624876337548,52278.7370703125,9185.599745551563
ULVR.L,973,2.0205130926051966,45666.73421875,8419.96745765
ULVR.L,974,2.019710482373097,53294.3184765625,9114.238035882812
ULVR.L,975,1.9931269450670992,55555.74109375,8915.004754009375
ULVR.L,976,2.029813840460091,50031.7712109375,8559.455959710938
ULVR.L,977,1.9801288545114788,48323.8396484375,9015.739236153126
ULVR.L,978,1.905764856292361,47939.272109375,7001.74200546875
ULVR.L,979,1.9469966371256533,50165.5274609375,8568.364159478126
ULVR.L,980,1.9092576754268793,55830.786328125,11248.6746669125
ULVR.L,981,2.137308615768625,59948.9368359375,8771.187404403125
ULVR.L,982,1.9203085225909684,51208.2315234375,7739.772777196875
ULVR.L,983,1.9244384938311754,53615.5391796875,50757.50868671249
ULVR.L,984,2.00879055900848,57395.0659765625,8223.03689220625
ULVR.L,985,1.9581954728538695,53235.4735546875,15840.8764222375
